timestamp,user_id,session_id,task_index,skill,task_id,difficulty_before,difficulty_after,delta,answer_type,question,answer,user_answer,is_correct,time_taken,expected_time,p_correct
2026-01-24T15:48:21.457174,test_user,b099a1ba-10ac-45cc-bfbf-3eec7607da81,0,numerical,NUM-DIV-0,0,3,3,integer,What is 1950 divided by 150?,13,13,TRUE,9.077885866,8.741980595,0.17875656
2026-01-24T15:48:26.159953,test_user,b099a1ba-10ac-45cc-bfbf-3eec7607da81,1,numerical,NUM-NEARBOUNDARY-3,3,5,2,integer,What is 54 + 8?,62,62,TRUE,4.697344065,3.699064844,0.295669264
2026-01-24T15:48:30.901723,test_user,b099a1ba-10ac-45cc-bfbf-3eec7607da81,2,logical,LOG-BOOL-5-2-2,5,9,4,boolean,"A is True.
B is True.
What is: ((A OR A) AND B)?",TRUE,t,TRUE,4.735276222,9.857533338,0.382643437
2026-01-24T15:48:34.048608,test_user,b099a1ba-10ac-45cc-bfbf-3eec7607da81,3,logical,LOG-BOOL-9-2-2,9,12,3,boolean,"A is False.
B is False.
What is: ((A OR B) OR B)?",FALSE,f,TRUE,3.140544653,10.66843307,0.412596675
2026-01-24T15:48:43.535425,test_user,b099a1ba-10ac-45cc-bfbf-3eec7607da81,4,logical,LOG-IMP-12-5-3,12,15,3,yesno,"B is True.
E is True.
If C is True, then E is True.
If A is True, then C is True.
If B is True, then A is True.
Is A True?",yes,yes,TRUE,9.481333733,10.61680854,0.348459424
2026-01-24T15:48:52.238463,test_user,b099a1ba-10ac-45cc-bfbf-3eec7607da81,5,numerical,NUM-DIV-15,15,18,3,integer,What is 10800 divided by 600?,18,18,TRUE,8.697608471,11.78285459,0.258139311
2026-01-24T15:48:55.814992,test_user,b099a1ba-10ac-45cc-bfbf-3eec7607da81,6,numerical,NUM-RATIOSCALING-18,18,20,2,integer,"5 -> 40, 8 -> ?",64,64,TRUE,3.571218967,4.545408284,0.624704911
2026-01-24T15:49:07.246299,test_user,b099a1ba-10ac-45cc-bfbf-3eec7607da81,7,logical,LOG-COMP-20-12,20,23,3,yesno,J is larger than D. K is larger than B. J is larger than K. H is larger than B. H is larger than A. A is larger than F. Is F larger than H?,no,no,TRUE,11.42587805,19.37167631,0.795031199
2026-01-24T15:49:24.149808,test_user,b099a1ba-10ac-45cc-bfbf-3eec7607da81,8,pattern,PAT-MIXED-23-4-10-10,23,26,3,integer,"9, 17, 25, 250, 260, 268, 276, 2760, 2770, ?",2778,2778,TRUE,16.89804649,23.42971269,0.392903218
2026-01-24T15:49:34.166223,test_user,b099a1ba-10ac-45cc-bfbf-3eec7607da81,9,pattern,PAT-AP-26-9-35,26,28,2,integer,"33, 3, -27, -57, -87, -117, -147, -177, -207, ?",-237,-237,TRUE,10.0099628,9.849825941,0.58246594
2026-01-24T15:50:12.830966,test_user,b099a1ba-10ac-45cc-bfbf-3eec7607da81,10,pattern,PAT-MIXED-28-4-11-12,28,29,1,integer,"1, 3, 6, 17, 119, 121, 124, 135, 945, 947, ?",950,950,TRUE,38.65854287,24.44333735,0.430760904
2026-01-24T15:50:16.150152,test_user,b099a1ba-10ac-45cc-bfbf-3eec7607da81,11,numerical,NUM-RATIO-INVERSE-29,29,32,3,integer,"80 -> 8, 90 -> ?",9,9,TRUE,3.31379199,6.298188351,0.884355569
2026-01-24T15:50:24.854384,test_user,b099a1ba-10ac-45cc-bfbf-3eec7607da81,12,numerical,NUM-NEARBOUNDARY-32,32,34,2,integer,What is 1050 - 976?,74,74,TRUE,8.698699951,9.578087902,0.509744564
2026-01-24T15:50:33.551685,test_user,b099a1ba-10ac-45cc-bfbf-3eec7607da81,13,numerical,NUM-NEARBOUNDARY-34,34,36,2,integer,What is 2036 + 2011?,4047,4047,TRUE,8.691424847,9.983537768,0.525361767
2026-01-24T15:50:42.374346,test_user,b099a1ba-10ac-45cc-bfbf-3eec7607da81,14,logical,LOG-IMP-36-7-7,36,39,3,yesno,"G is True.
E is True.
If C is True, then F is True.
If G is True, then C is True.
If F is True, then A is True.
If E is True, then F is True.
If G is True, then E is True.
If F is True, then C is True.
If D is True, then F is True.
Is A True?",yes,yes,TRUE,8.81677103,15.48220693,0.531158156
2026-01-24T15:50:55.101641,test_user,b099a1ba-10ac-45cc-bfbf-3eec7607da81,15,numerical,NUM-NEARBOUNDARY-39,39,41,2,integer,What is 1018 + 977?,1995,1995,TRUE,12.72209239,10.99716243,0.564122885
2026-01-24T15:51:01.580431,test_user,b099a1ba-10ac-45cc-bfbf-3eec7607da81,16,numerical,NUM-DIV-41,41,44,3,integer,What is 8400 divided by 600?,14,14,TRUE,6.473479986,17.05370285,0.439670643
2026-01-24T15:51:24.957212,test_user,b099a1ba-10ac-45cc-bfbf-3eec7607da81,17,logical,LOG-COMP-44-17,44,46,2,yesno,L is older than D. O is older than G. G is older than C. A is older than G. H is older than E. E is older than O. C is older than L. K is older than N. Is A older than L?,yes,yes,TRUE,23.36507607,24.23707471,0.891498116
2026-01-24T15:51:53.310328,test_user,b099a1ba-10ac-45cc-bfbf-3eec7607da81,18,numerical,NUM-SQUARE-46,46,44,-2,integer,What is 24^2?,576,476,FALSE,28.34732819,17.46625383,0.658579057
2026-01-24T15:52:07.454409,test_user,b099a1ba-10ac-45cc-bfbf-3eec7607da81,19,logical,LOG-COMP-44-20,44,47,3,yesno,Q is heavier than E. G is heavier than Q. P is heavier than D. K is heavier than A. C is heavier than J. J is heavier than A. C is heavier than D. A is heavier than F. N is heavier than T. Q is heavier than F. Is F heavier than G?,no,no,TRUE,14.13814235,24.23707471,0.891498116
2026-01-24T15:52:15.726144,test_user,b099a1ba-10ac-45cc-bfbf-3eec7607da81,20,logical,LOG-CONSTRAINT-47-8-7,47,50,3,yesno,"C is left of F.
G is left of C.
F is left of E.
C is left of A.
A is left of G.
G is left of H.
C is left of B.
Is B left of G?",no,no,TRUE,8.266002655,16.73675345,0.852143523
2026-01-24T15:52:58.148303,test_user,b099a1ba-10ac-45cc-bfbf-3eec7607da81,21,pattern,PAT-MIXED-50-3-11-12,50,51,1,integer,"4, 8, 17, 51, 102, 111, 333, 666, 675, 2025, ?",4050,4050,TRUE,42.38957644,28.90328588,0.600923338
2026-01-24T15:53:12.595927,test_user,b099a1ba-10ac-45cc-bfbf-3eec7607da81,22,pattern,PAT-MP-51-8-3,51,53,2,integer,"12, 36, 108, 324, 972, 2916, 8748, 26244, ?",78732,78732,TRUE,14.44234443,19.53691097,0.906924017
2026-01-24T16:08:12.796802,test_user,33475bc5-3546-4c2b-bc93-679dfb9afe88,0,numerical,NUM-SQUARE-0,0,4,4,integer,What is 2^2?,4,4,TRUE,2.704907894,8.140906912,0.313952539
2026-01-24T16:08:15.163887,test_user,33475bc5-3546-4c2b-bc93-679dfb9afe88,1,numerical,NUM-NEARBOUNDARY-4,4,8,4,integer,What is 49 + 1?,50,50,TRUE,2.360751867,3.901789777,0.302223708
2026-01-24T16:08:18.132341,test_user,33475bc5-3546-4c2b-bc93-679dfb9afe88,2,numerical,NUM-RATIOSCALING-8,8,10,2,integer,"5 -> 15, 6 -> ?",18,18,TRUE,2.955664873,2.518158954,0.549044712
2026-01-24T16:08:26.251752,test_user,33475bc5-3546-4c2b-bc93-679dfb9afe88,3,pattern,PAT-MP-10-5-3,10,12,2,integer,"5, 15, 45, 135, 405, ?",1215,1215,TRUE,8.113009453,11.22518871,0.729945609
2026-01-24T16:08:28.012328,test_user,33475bc5-3546-4c2b-bc93-679dfb9afe88,4,numerical,NUM-SQUARE-12,12,16,4,integer,What is 5^2?,25,25,TRUE,1.754736185,10.57360611,0.399775915
2026-01-24T16:08:36.755544,test_user,33475bc5-3546-4c2b-bc93-679dfb9afe88,5,pattern,PAT-AP-16-6-15,16,18,2,integer,"-18, -31, -44, -57, -70, -83, ?",-96,-96,TRUE,8.737934351,7.822576611,0.505037205
2026-01-24T16:08:43.717452,test_user,33475bc5-3546-4c2b-bc93-679dfb9afe88,6,pattern,PAT-MIXED-18-2-8-8,18,17,-1,integer,"13, 20, 25, 32, 37, 44, 49, ?",56,54,FALSE,6.956027508,22.41608802,0.356290197
2026-01-24T16:08:53.309365,test_user,33475bc5-3546-4c2b-bc93-679dfb9afe88,7,pattern,PAT-CP-17-4-9,17,18,1,integer,"9, 13, 20, 3, 9, 13, 20, 3, 9, ?",13,13,TRUE,9.586056232,5.34793634,0.474705375
2026-01-24T16:08:59.260538,test_user,33475bc5-3546-4c2b-bc93-679dfb9afe88,8,numerical,NUM-RATIO-INVERSE-18,18,19,1,integer,"42 -> 7, 12 -> ?",2,2,TRUE,5.945934772,4.068214088,0.844264711
2026-01-24T16:09:05.357793,test_user,33475bc5-3546-4c2b-bc93-679dfb9afe88,9,numerical,NUM-DIV-19,19,23,4,integer,What is 18000 divided by 1200?,15,15,TRUE,6.090607405,12.59375432,0.28281111
2026-01-24T16:09:12.835809,test_user,33475bc5-3546-4c2b-bc93-679dfb9afe88,10,logical,LOG-BOOL-23-4-4,23,26,3,boolean,"A is True.
B is True.
C is False.
D is True.
What is: (NOT ((((D AND C) AND (NOT B)) AND C) AND (NOT D)))?",TRUE,t,TRUE,7.472443104,13.50658213,0.521141384
2026-01-24T16:09:33.843771,test_user,33475bc5-3546-4c2b-bc93-679dfb9afe88,11,logical,LOG-COMP-26-25,26,28,2,yesno,B is heavier than E. Y is heavier than F. V is heavier than N. O is heavier than Y. I is heavier than G. X is heavier than Q. S is heavier than W. H is heavier than Q. X is heavier than S. G is heavier than O. S is heavier than A. H is heavier than L. Is Y heavier than I?,no,no,TRUE,21.00180197,20.58802591,0.82392604
2026-01-24T16:09:44.956339,test_user,33475bc5-3546-4c2b-bc93-679dfb9afe88,12,logical,LOG-IMP-28-9-7,28,30,2,yesno,"F is True.
E is True.
If A is True, then G is True.
If H is True, then A is True.
If F is True, then C is True.
If E is True, then A is True.
If C is True, then B is True.
If E is True, then D is True.
If C is True, then F is True.
Is C True?",yes,yes,TRUE,11.10694075,13.86040747,0.468688592
2026-01-24T16:10:00.228170,test_user,33475bc5-3546-4c2b-bc93-679dfb9afe88,13,pattern,PAT-MIXED-30-4-12-12,30,33,3,integer,"12, 36, 43, 55, 65, 195, 202, 214, 224, 672, 679, ?",691,691,TRUE,15.26625776,24.84878722,0.44616046
2026-01-24T16:10:07.611825,test_user,33475bc5-3546-4c2b-bc93-679dfb9afe88,14,logical,LOG-IMP-33-8-7,33,36,3,yesno,"H is True.
If C is True, then E is True.
If A is True, then H is True.
If D is True, then H is True.
If C is True, then G is True.
If H is True, then B is True.
If C is True, then H is True.
If E is True, then D is True.
Is B True?",yes,yes,TRUE,7.377775669,14.87403213,0.507741332
2026-01-24T16:10:11.117443,test_user,33475bc5-3546-4c2b-bc93-679dfb9afe88,15,numerical,NUM-NEARBOUNDARY-36,36,39,3,integer,What is 2028 - 2013?,15,15,TRUE,3.500000715,10.38898763,0.540929515
2026-01-24T16:10:17.003894,test_user,33475bc5-3546-4c2b-bc93-679dfb9afe88,16,numerical,NUM-DIV-39,39,42,3,integer,What is 1920 divided by 120?,16,16,TRUE,5.880720377,16.64825298,0.42432347
2026-01-24T16:10:41.738761,test_user,33475bc5-3546-4c2b-bc93-679dfb9afe88,17,numerical,NUM-RATIOSCALING-42,42,43,1,integer,"10 -> 130, 7 -> ?",91,91,TRUE,24.72927213,9.410806677,0.779056918
2026-01-24T16:10:59.587078,test_user,33475bc5-3546-4c2b-bc93-679dfb9afe88,18,pattern,PAT-MP-43-7-3,43,45,2,integer,"26, 78, 234, 702, 2106, 6318, 18954, ?",56862,56862,TRUE,17.84305286,17.9151115,0.883545117
2026-01-24T16:11:19.770438,test_user,33475bc5-3546-4c2b-bc93-679dfb9afe88,19,pattern,PAT-MIXED-45-3-14-12,45,47,2,integer,"13, 26, 78, 85, 170, 510, 517, 1034, 3102, 3109, 6218, 18654, 18661, ?",37322,37322,TRUE,20.17761803,27.88966121,0.56289909
2026-01-24T16:11:38.156377,test_user,33475bc5-3546-4c2b-bc93-679dfb9afe88,20,pattern,PAT-MP-47-7-3,47,49,2,integer,"26, 78, 234, 702, 2106, 6318, 18954, ?",56862,56862,TRUE,18.37970114,18.72601123,0.895812639
2026-01-24T16:11:43.465497,test_user,33475bc5-3546-4c2b-bc93-679dfb9afe88,21,numerical,NUM-RATIOSCALING-49,49,52,3,integer,"6 -> 54, 9 -> ?",81,81,TRUE,5.304059029,10.82988121,0.814437743
2026-01-24T16:11:48.275689,test_user,33475bc5-3546-4c2b-bc93-679dfb9afe88,22,numerical,NUM-RATIOSCALING-52,52,55,3,integer,"2 -> 24, 9 -> ?",108,108,TRUE,4.80499959,11.43805601,0.828201481
2026-01-24T16:11:50.801848,test_user,33475bc5-3546-4c2b-bc93-679dfb9afe88,23,numerical,NUM-RATIO-INVERSE-55,55,58,3,integer,"50 -> 5, 70 -> ?",7,7,TRUE,2.520988703,11.56903661,0.945189425
2026-01-24T16:11:57.379138,test_user,33475bc5-3546-4c2b-bc93-679dfb9afe88,24,logical,LOG-IMP-58-8-6,58,61,3,yesno,"F is True.
If A is True, then H is True.
If C is True, then G is True.
If C is True, then B is True.
If B is True, then F is True.
If A is True, then E is True.
If F is True, then A is True.
Is E True?",yes,yes,TRUE,6.571818352,19.94215546,0.692717665
2026-01-24T16:12:07.018221,test_user,33475bc5-3546-4c2b-bc93-679dfb9afe88,25,logical,LOG-IMP-61-8-8,61,64,3,yesno,"A is True.
If E is True, then F is True.
If A is True, then B is True.
If D is True, then C is True.
If D is True, then G is True.
If F is True, then G is True.
If A is True, then F is True.
If F is True, then D is True.
If F is True, then A is True.
Is C True?",yes,yes,TRUE,9.633270025,20.55033026,0.712320728
2026-01-24T16:12:18.170853,test_user,33475bc5-3546-4c2b-bc93-679dfb9afe88,26,numerical,NUM-NEARBOUNDARY-64,64,67,3,integer,What is 2030 - 1023?,1007,1007,TRUE,11.14766502,16.06528576,0.738811312
2026-01-24T16:12:26.657538,test_user,33475bc5-3546-4c2b-bc93-679dfb9afe88,27,pattern,PAT-AP-67-12-30,67,70,3,integer,"34, 45, 56, 67, 78, 89, 100, 111, 122, 133, 144, 155, ?",166,166,TRUE,8.481422424,18.1615482,0.834132149
2026-01-24T16:12:42.090541,test_user,33475bc5-3546-4c2b-bc93-679dfb9afe88,28,numerical,NUM-NEARBOUNDARY-70,70,72,2,integer,What is 1985 + 1991?,3976,3976,TRUE,15.42746162,17.28163536,0.773372396
2026-01-24T16:13:09.545296,test_user,33475bc5-3546-4c2b-bc93-679dfb9afe88,29,pattern,PAT-MIXED-72-4-13-12,72,74,2,integer,"1, 12, 19, 23, 31, 42, 49, 53, 61, 72, 79, 83, ?",91,91,TRUE,27.44888258,33.36323441,0.749767942
2026-01-24T16:13:17.659058,test_user,33475bc5-3546-4c2b-bc93-679dfb9afe88,30,numerical,NUM-DIV-74,74,77,3,integer,What is 21600 divided by 1200?,18,18,TRUE,8.108435631,23.74362564,0.687743923
2026-01-24T16:47:06.959559,test_user,204f3826-89a5-4e67-80c0-2fee2e34bdb3,0,logical,LOG-COMP-0-3,0,3,3,yesno,C is taller than A. A is taller than B. Is C taller than B?,yes,YES,1,5.223731994628906,15.31717765257962,0.6748082140264117
2026-01-24T16:47:12.832860,test_user,204f3826-89a5-4e67-80c0-2fee2e34bdb3,1,logical,LOG-COMP-3-3,3,6,3,yesno,B is heavier than C. C is heavier than A. Is B heavier than A?,yes,yes,1,5.866415739059448,15.925352451671348,0.6950508422904912
2026-01-24T16:47:17.664696,test_user,204f3826-89a5-4e67-80c0-2fee2e34bdb3,2,numerical,NUM-RATIO-INVERSE-6,6,7,1,integer,"21 -> 7, 30 -> ?",10,10,1,4.8253021240234375,1.6355148913898931,0.7883490135922216
2026-01-24T16:47:20.991717,test_user,204f3826-89a5-4e67-80c0-2fee2e34bdb3,3,numerical,NUM-DIV-7,7,11,4,integer,What is 16500 divided by 1500?,11,11,1,3.321434259414673,10.161055126540631,0.21317941090612785
2026-01-24T16:47:27.784062,test_user,204f3826-89a5-4e67-80c0-2fee2e34bdb3,4,logical,LOG-BOOL-11-3-2,11,14,3,boolean,"A is True.
B is True.
C is True.
What is: ((C OR (NOT A)) OR A)?",True,t,1,6.786267995834351,11.073882935762212,0.42783492260525485
2026-01-24T16:47:30.895214,test_user,204f3826-89a5-4e67-80c0-2fee2e34bdb3,5,numerical,NUM-RATIOSCALING-14,14,16,2,integer,"5 -> 35, 3 -> ?",21,21,1,3.1053271293640137,3.7345085521304364,0.5949494907070109
2026-01-24T16:47:36.287556,test_user,204f3826-89a5-4e67-80c0-2fee2e34bdb3,6,logical,LOG-CONSTRAINT-16-6-4,16,19,3,yesno,"F is left of C.
B is left of C.
D is left of A.
C is left of D.
Is F left of A?",yes,yes,1,5.386675596237183,10.452280521460798,0.6861049993119904
2026-01-24T16:47:41.246785,test_user,204f3826-89a5-4e67-80c0-2fee2e34bdb3,7,pattern,PAT-AP-19-6-15,19,22,3,integer,"-32, -20, -8, 4, 16, 28, ?",40,40,1,4.953048944473267,8.430751409758285,0.5284632009090068
2026-01-24T16:47:56.304099,test_user,204f3826-89a5-4e67-80c0-2fee2e34bdb3,8,numerical,NUM-NEARBOUNDARY-22,22,23,1,integer,What is 1001 - 477?,524,524,1,15.051724195480347,7.5508385714006225,0.4319813349621778
2026-01-24T16:48:06.048877,test_user,204f3826-89a5-4e67-80c0-2fee2e34bdb3,9,logical,LOG-CONSTRAINT-23-7-5,23,25,2,yesno,"C is left of D.
B is left of D.
B is left of G.
C is left of A.
A is left of B.
Is A left of D?",yes,yes,1,9.739239931106567,11.871355052674826,0.731235630261048
2026-01-24T16:48:14.544048,test_user,204f3826-89a5-4e67-80c0-2fee2e34bdb3,10,logical,LOG-CONSTRAINT-25-9-7,25,28,3,yesno,"A is faster than F.
I is faster than F.
G is faster than C.
H is faster than E.
D is faster than F.
B is faster than E.
A is faster than I.
Is E faster than B?",no,no,1,8.486724615097046,12.276804918735978,0.7433496203809379
2026-01-24T16:48:47.150452,test_user,204f3826-89a5-4e67-80c0-2fee2e34bdb3,11,pattern,PAT-MP-28-8-3,28,25,-3,integer,"10, 30, 90, 270, 810, 2430, 7290, 21870, ?",65610,65510,0,32.60071682929993,14.874237506024395,0.8259664117814879
2026-01-24T16:49:00.623906,test_user,204f3826-89a5-4e67-80c0-2fee2e34bdb3,12,pattern,PAT-MP-25-7-3,25,27,2,integer,"21, 63, 189, 567, 1701, 5103, 15309, ?",45927,45927,1,13.467599630355835,14.266062706932669,0.8120642427804367
2026-01-24T16:49:10.600083,test_user,204f3826-89a5-4e67-80c0-2fee2e34bdb3,13,logical,LOG-BOOL-27-4-5,27,26,-1,boolean,"A is False.
B is False.
C is False.
D is False.
What is: (((((B OR A) AND B) AND B) OR (NOT D)) OR (NOT D))?",True,f,0,9.970596075057983,14.31748186425142,0.5522381852446215
2026-01-24T16:49:30.999604,test_user,204f3826-89a5-4e67-80c0-2fee2e34bdb3,14,pattern,PAT-AP-26-12-30,26,27,1,integer,"-38, -14, 10, 34, 58, 82, 106, 130, 154, 178, 202, 226, ?",250,250,1,20.394030809402466,9.849825940972313,0.5824659398847838
2026-01-24T16:49:37.760642,test_user,204f3826-89a5-4e67-80c0-2fee2e34bdb3,15,numerical,NUM-NEARBOUNDARY-27,27,29,2,integer,What is 2041 + 2004?,4045,4045,1,6.755058526992798,8.5644632365535,0.47068507060473713
2026-01-24T16:49:52.390865,test_user,204f3826-89a5-4e67-80c0-2fee2e34bdb3,16,pattern,PAT-MP-29-7-3,29,31,2,integer,"17, 51, 153, 459, 1377, 4131, 12393, ?",37179,37179,1,14.623812198638916,15.07696243905497,0.8304164084931048
2026-01-24T16:49:56.263070,test_user,204f3826-89a5-4e67-80c0-2fee2e34bdb3,17,numerical,NUM-RATIO-INVERSE-31,31,34,3,integer,"39 -> 3, 52 -> ?",4,4,1,3.8667824268341064,6.703638217154282,0.8906005351168754
2026-01-24T16:50:04.701835,test_user,204f3826-89a5-4e67-80c0-2fee2e34bdb3,18,numerical,NUM-NEARBOUNDARY-34,34,36,2,integer,What is 2017 - 1009?,1008,1008,1,8.432931661605835,9.98353776776753,0.5253617673932446
2026-01-24T16:50:17.614787,test_user,204f3826-89a5-4e67-80c0-2fee2e34bdb3,19,logical,LOG-COMP-36-20,36,39,3,yesno,H is taller than F. D is taller than I. C is taller than T. I is taller than H. J is taller than G. F is taller than T. I is taller than F. B is taller than Q. K is taller than P. T is taller than L. Is F taller than L?,yes,yes,1,12.907304763793945,22.61527524168034,0.8648220519435638
2026-01-24T16:50:25.751738,test_user,204f3826-89a5-4e67-80c0-2fee2e34bdb3,20,numerical,NUM-RATIOSCALING-39,39,41,2,integer,"4 -> 52, 8 -> ?",104,104,1,8.130541563034058,8.802631877894825,0.7624850728325766
2026-01-24T16:50:33.373273,test_user,204f3826-89a5-4e67-80c0-2fee2e34bdb3,21,numerical,NUM-NEARBOUNDARY-41,41,44,3,integer,What is 1954 - 1016?,938,938,1,7.616352558135986,11.402612298981559,0.5794370284552861
2026-01-24T16:50:40.182726,test_user,204f3826-89a5-4e67-80c0-2fee2e34bdb3,22,pattern,PAT-AP-44-10-30,44,47,3,integer,"-20, -29, -38, -47, -56, -65, -74, -83, -92, -101, ?",-110,-110,1,6.8040595054626465,13.498874735522673,0.7100987604532797
2026-01-24T16:50:54.103024,test_user,204f3826-89a5-4e67-80c0-2fee2e34bdb3,23,pattern,PAT-MP-47-7-3,47,49,2,integer,"18, 54, 162, 486, 1458, 4374, 13122, ?",39366,39366,1,13.914159059524536,18.726011233605327,0.895812639331407
2026-01-24T16:51:05.046202,test_user,204f3826-89a5-4e67-80c0-2fee2e34bdb3,24,logical,LOG-BOOL-49-6-5,49,52,3,boolean,"A is True.
B is True.
C is True.
D is False.
E is False.
F is True.
What is: (((((A OR (NOT C)) AND B) AND (NOT F)) AND (NOT F)) AND C)?",False,f,1,10.937359094619751,18.77743039092408,0.7104929168032394
2026-01-24T16:51:16.463286,test_user,204f3826-89a5-4e67-80c0-2fee2e34bdb3,25,numerical,NUM-NEARBOUNDARY-52,52,51,-1,integer,What is 979 + 1014?,1993,1983,0,11.411127090454102,13.63258656231789,0.6602690373574519
2026-01-24T16:51:21.325635,test_user,204f3826-89a5-4e67-80c0-2fee2e34bdb3,26,logical,LOG-IMP-51-7-7,51,54,3,yesno,"A is True.
G is True.
If A is True, then D is True.
If A is True, then G is True.
If E is True, then F is True.
If E is True, then C is True.
If A is True, then C is True.
If B is True, then F is True.
If G is True, then B is True.
Is D True?",yes,yes,1,4.856355905532837,18.523080925566486,0.6442656648268772
2026-01-24T16:51:29.269272,test_user,204f3826-89a5-4e67-80c0-2fee2e34bdb3,27,logical,LOG-BOOL-54-6-3,54,57,3,boolean,"A is False.
B is False.
C is True.
D is False.
E is False.
F is True.
What is: (NOT (((C OR (NOT C)) AND A) AND (NOT F)))?",True,t,1,7.93784499168396,19.79105505607696,0.7415723116757852
2026-01-24T16:51:31.838667,test_user,204f3826-89a5-4e67-80c0-2fee2e34bdb3,28,numerical,NUM-DIV-57,57,60,3,integer,What is 450 divided by 225?,2,2,1,2.563323974609375,20.29730177806941,0.5641222826505043
2026-01-24T16:51:35.183135,test_user,204f3826-89a5-4e67-80c0-2fee2e34bdb3,29,numerical,NUM-DIV-60,60,63,3,integer,What is 6300 divided by 900?,7,7,1,3.3381757736206055,20.90547657716114,0.5870384494013923
2026-01-24T16:51:39.654917,test_user,204f3826-89a5-4e67-80c0-2fee2e34bdb3,30,numerical,NUM-DIV-63,63,66,3,integer,What is 7800 divided by 600?,13,13,1,4.465745687484741,21.51365137625286,0.6095836275047213
2026-01-24T16:51:46.036664,test_user,204f3826-89a5-4e67-80c0-2fee2e34bdb3,31,pattern,PAT-CP-66-8-16,66,69,3,integer,"18, 4, 2, 8, 6, 15, 13, 18, 18, 4, 2, 8, 6, 15, 13, 18, ?",18,18,1,6.376021862030029,15.281458058132811,0.807093667804356
2026-01-24T16:51:52.085703,test_user,204f3826-89a5-4e67-80c0-2fee2e34bdb3,32,numerical,NUM-DIV-69,69,72,3,integer,What is 2750 divided by 250?,11,11,1,6.043658256530762,22.730000974436315,0.6532181881904334
2026-01-24T16:52:00.477970,test_user,204f3826-89a5-4e67-80c0-2fee2e34bdb3,33,logical,LOG-BOOL-72-4-3,72,75,3,boolean,"A is True.
B is False.
C is True.
D is False.
What is: (((C OR (NOT A)) AND B) AND B)?",False,f,1,8.38667917251587,23.44010385062732,0.8343969953704946
2026-01-24T16:52:09.613682,test_user,204f3826-89a5-4e67-80c0-2fee2e34bdb3,34,logical,LOG-COMP-75-18,75,78,3,yesno,C is faster than L. Q is faster than A. J is faster than P. A is faster than J. B is faster than E. M is faster than A. O is faster than H. J is faster than C. A is faster than R. Is R faster than M?,no,no,1,9.12877082824707,30.521547629872785,0.9558782024073255
2026-01-24T17:15:46.560915,test_user,1bdecece-f91e-4dec-85f1-79e222798634,0,pattern,PAT-MIXED-0-2-4-3,0,4,4,integer,"11, 22, 25, ?",50,50,1,5.61257529258728,21.203904840621668,0.27198026462043406
2026-01-24T17:15:52.968189,test_user,1bdecece-f91e-4dec-85f1-79e222798634,1,logical,LOG-BOOL-4-2-1,4,8,4,boolean,"A is True.
B is True.
What is: (B AND A)?",True,t,1,6.395838022232056,10.214367549280038,0.2925190541021105
2026-01-24T17:16:06.951864,test_user,1bdecece-f91e-4dec-85f1-79e222798634,2,logical,LOG-COMP-8-5,8,10,2,yesno,E is older than C. D is older than E. Is C older than D?,no,no,1,13.97726821899414,16.023109839607855,0.7668102565710873
2026-01-24T17:16:37.551845,test_user,1bdecece-f91e-4dec-85f1-79e222798634,3,pattern,PAT-MIXED-10-3-6-6,10,12,2,integer,"15, 60, 180, 1080, 4320, ?",12960,12960,1,30.59460711479187,22.875412439010816,0.32439199592948786
2026-01-24T17:16:45.080285,test_user,1bdecece-f91e-4dec-85f1-79e222798634,4,logical,LOG-IMP-12-5-3,12,15,3,yesno,"A is True.
If A is True, then C is True.
If B is True, then D is True.
If A is True, then D is True.
Is C True?",yes,yes,1,7.522040843963623,9.53323919782916,0.37315897410002874
2026-01-24T17:16:53.753050,test_user,1bdecece-f91e-4dec-85f1-79e222798634,5,logical,LOG-CONSTRAINT-15-6-5,15,18,3,yesno,"E is faster than F.
D is faster than A.
D is faster than E.
F is faster than B.
F is faster than A.
Is E faster than A?",yes,yes,1,8.667088270187378,13.850105878584152,0.8149467493773658
2026-01-24T17:17:01.671355,test_user,1bdecece-f91e-4dec-85f1-79e222798634,6,logical,LOG-BOOL-18-3-3,18,22,4,boolean,"A is False.
B is False.
C is True.
What is: (((A OR C) OR C) AND (NOT B))?",True,t,1,7.912899971008301,12.554478187024845,0.3700814710729852
2026-01-24T17:17:50.463082,test_user,1bdecece-f91e-4dec-85f1-79e222798634,7,numerical,NUM-SQUARE-22,22,24,2,integer,What is 17^2?,289,289,1,48.78640866279602,12.70150563391849,0.3754005957898729
2026-01-24T17:17:58.719480,test_user,1bdecece-f91e-4dec-85f1-79e222798634,8,logical,LOG-BOOL-24-5-4,24,27,3,boolean,"A is False.
B is True.
C is True.
D is False.
E is True.
What is: (NOT ((((E OR E) AND C) OR A) OR D))?",False,f,1,8.25104022026062,13.557382746058334,0.4058123401519961
2026-01-24T17:18:03.591700,test_user,1bdecece-f91e-4dec-85f1-79e222798634,9,pattern,PAT-CP-27-6-15,27,30,3,integer,"3, 1, 1, 7, 11, 7, 3, 1, 1, 7, 11, 7, 3, 1, 1, ?",7,7,1,4.86669397354126,8.066679377245748,0.6377075420376475
2026-01-24T17:18:12.144533,test_user,1bdecece-f91e-4dec-85f1-79e222798634,10,numerical,NUM-NEARBOUNDARY-30,30,32,2,integer,What is 2037 + 2016?,4053,4053,1,8.547440767288208,8.197239790719218,0.42068946006112257
2026-01-24T17:18:25.000112,test_user,1bdecece-f91e-4dec-85f1-79e222798634,11,logical,LOG-IMP-32-8-7,32,34,2,yesno,"C is True.
B is True.
If E is True, then F is True.
If E is True, then D is True.
If G is True, then F is True.
If B is True, then C is True.
If C is True, then G is True.
If H is True, then C is True.
If A is True, then G is True.
Is G True?",yes,yes,1,12.849924325942993,12.876254394607457,0.4957971248928253
2026-01-24T17:18:32.207332,test_user,1bdecece-f91e-4dec-85f1-79e222798634,12,logical,LOG-CONSTRAINT-34-8-7,34,37,3,yesno,"E is above D.
B is above D.
E is above B.
H is above C.
A is above E.
A is above G.
D is above C.
Is C above A?",no,no,1,7.201611280441284,17.025970315523537,0.8764530458450186
2026-01-24T17:18:35.441242,test_user,1bdecece-f91e-4dec-85f1-79e222798634,13,numerical,NUM-SQUARE-37,37,40,3,integer,What is 40^2?,1600,1600,1,3.228186845779419,15.208767031502212,0.4668712618879153
2026-01-24T17:18:41.176444,test_user,1bdecece-f91e-4dec-85f1-79e222798634,14,numerical,NUM-RATIOSCALING-40,40,43,3,integer,"5 -> 65, 4 -> ?",52,52,1,5.728681802749634,8.472077616266711,0.7574078570870149
2026-01-24T17:18:50.969199,test_user,1bdecece-f91e-4dec-85f1-79e222798634,15,logical,LOG-BOOL-43-6-3,43,46,3,boolean,"A is True.
B is True.
C is False.
D is False.
E is True.
F is False.
What is: (NOT (((A AND (NOT F)) AND (NOT B)) AND A))?",True,t,1,9.785789489746094,16.733247182997715,0.5238514700198784
2026-01-24T17:19:02.840790,test_user,1bdecece-f91e-4dec-85f1-79e222798634,16,logical,LOG-COMP-46-22,46,49,3,yesno,E is heavier than C. B is heavier than D. G is heavier than M. L is heavier than R. J is heavier than E. H is heavier than M. E is heavier than S. J is heavier than H. C is heavier than S. H is heavier than E. R is heavier than V. Is V heavier than L?,no,no,1,11.865905523300171,22.37483871348662,0.8951022908150813
2026-01-24T17:19:17.022770,test_user,1bdecece-f91e-4dec-85f1-79e222798634,17,pattern,PAT-AP-49-9-35,49,51,2,integer,"-12, -30, -48, -66, -84, -102, -120, -138, -156, ?",-174,-174,1,14.176445484161377,13.391201314052461,0.71262971024708
2026-01-24T17:19:25.902874,test_user,1bdecece-f91e-4dec-85f1-79e222798634,18,logical,LOG-BOOL-51-6-3,51,54,3,boolean,"A is True.
B is True.
C is True.
D is True.
E is True.
F is False.
What is: (((E OR (NOT B)) OR B) OR F)?",True,t,1,8.874538660049438,18.070453261709034,0.5735203968366441
2026-01-24T17:19:35.664257,test_user,1bdecece-f91e-4dec-85f1-79e222798634,19,logical,LOG-BOOL-54-6-3,54,57,3,boolean,"A is False.
B is False.
C is False.
D is True.
E is False.
F is False.
What is: (NOT (((D AND F) OR F) OR (NOT D)))?",True,t,1,9.755269765853882,18.57190554122578,0.5918239033269934
2026-01-24T17:19:39.334405,test_user,1bdecece-f91e-4dec-85f1-79e222798634,20,numerical,NUM-SQUARE-57,57,60,3,integer,What is 0^2?,0,0,1,3.6649231910705566,18.551782228280512,0.5912577175020982
2026-01-24T17:19:50.590854,test_user,1bdecece-f91e-4dec-85f1-79e222798634,21,pattern,PAT-MP-60-7-3,60,63,3,integer,"22, 66, 198, 594, 1782, 5346, 16038, ?",48114,48114,1,11.250612497329712,19.251534199007658,0.735395988902587
2026-01-24T17:19:54.872995,test_user,1bdecece-f91e-4dec-85f1-79e222798634,22,pattern,PAT-AP-63-13-25,63,66,3,integer,"-35, -15, 5, 25, 45, 65, 85, 105, 125, 145, 165, 185, 205, ?",225,225,1,4.276046276092529,15.731311951797268,0.7789406994280103
2026-01-24T17:20:08.742043,test_user,1bdecece-f91e-4dec-85f1-79e222798634,23,numerical,NUM-RATIO-INVERSE-66,66,68,2,integer,"104 -> 8, 117 -> ?",9,9,1,13.86309814453125,11.70975320709952,0.9577053310183029
2026-01-24T17:20:13.839837,test_user,1bdecece-f91e-4dec-85f1-79e222798634,24,numerical,NUM-RATIO-INVERSE-68,68,71,3,integer,"75 -> 5, 90 -> ?",6,6,1,5.09288763999939,12.04405472677735,0.9596921666337632
2026-01-24T17:20:22.408105,test_user,1bdecece-f91e-4dec-85f1-79e222798634,25,logical,LOG-BOOL-71-4-3,71,74,3,boolean,"A is True.
B is True.
C is True.
D is False.
What is: (((C AND B) OR (NOT D)) AND (NOT D))?",True,t,1,8.562470197677612,21.41346845848733,0.6895690815976494
2026-01-24T17:20:28.310525,test_user,1bdecece-f91e-4dec-85f1-79e222798634,26,logical,LOG-IMP-74-7-8,74,77,3,yesno,"E is True.
If A is True, then E is True.
If A is True, then C is True.
If E is True, then G is True.
If D is True, then E is True.
If A is True, then D is True.
If C is True, then E is True.
If E is True, then C is True.
If F is True, then E is True.
Is G True?",yes,yes,1,5.896574974060059,19.89658630784188,0.7382956303287355
2026-01-24T17:20:40.438041,test_user,1bdecece-f91e-4dec-85f1-79e222798634,27,logical,LOG-IMP-77-8-7,77,80,3,yesno,"H is True.
If F is True, then G is True.
If E is True, then F is True.
If G is True, then H is True.
If D is True, then A is True.
If C is True, then D is True.
If A is True, then E is True.
If H is True, then D is True.
Is F True?",yes,yes,1,12.119802951812744,20.398038587358627,0.752578192857088
2026-01-24T17:20:44.983722,test_user,1bdecece-f91e-4dec-85f1-79e222798634,28,pattern,PAT-CP-80-6-18,80,83,3,integer,"17, 17, 13, 3, 11, 8, 17, 17, 13, 3, 11, 8, 17, 17, 13, 3, 11, 8, ?",17,17,1,4.5401670932769775,16.925669648708233,0.8693701019306354
2026-01-25T13:39:08.680267,test_user,6df69c78-f14d-411e-87c8-a997189afbfc,0,pattern,PAT-CP-0-2-4,0,3,3,integer,"12, 17, 12, 17, ?",12,12,1,2.1038496494293213,3.5536088615950456,0.47200298548649644
2026-01-25T13:39:12.629268,test_user,6df69c78-f14d-411e-87c8-a997189afbfc,1,logical,LOG-BOOL-3-2-1,3,2,-1,boolean,"A is True.
B is True.
What is: (A AND A)?",True,ture,0,3.9430618286132812,10.047216789441123,0.28735301313475703
2026-01-25T13:39:17.966764,test_user,6df69c78-f14d-411e-87c8-a997189afbfc,2,pattern,PAT-AP-2-4-5,2,4,2,integer,"-24, -19, -14, -9, ?",-4,-4,1,5.332134485244751,5.5351156016234615,0.43260773469505037
2026-01-25T13:39:19.838114,test_user,6df69c78-f14d-411e-87c8-a997189afbfc,3,numerical,NUM-NEARBOUNDARY-4,4,8,4,integer,What is 7 + 5?,12,12,1,1.865818738937378,3.851320034907433,0.27440572948632175
2026-01-25T13:39:23.438211,test_user,6df69c78-f14d-411e-87c8-a997189afbfc,4,logical,LOG-COMP-8-4,8,11,3,yesno,C is larger than B. B is larger than A. Is C larger than A?,yes,yes,1,3.594028949737549,16.023109839607855,0.7668102565710873
2026-01-25T13:39:26.751983,test_user,6df69c78-f14d-411e-87c8-a997189afbfc,5,pattern,PAT-CP-11-3-8,11,14,3,integer,"2, 17, 18, 2, 17, 18, 2, 17, ?",18,18,1,3.307945728302002,5.392267219823109,0.540890167810552
2026-01-25T13:39:30.485019,test_user,6df69c78-f14d-411e-87c8-a997189afbfc,6,logical,LOG-IMP-14-4-4,14,18,4,yesno,"D is True.
If C is True, then B is True.
If A is True, then B is True.
If B is True, then D is True.
If D is True, then C is True.
Is C True?",yes,yes,1,3.727656602859497,9.867540717506989,0.3849711513383661
2026-01-25T13:39:34.597322,test_user,6df69c78-f14d-411e-87c8-a997189afbfc,7,pattern,PAT-AP-18-6-15,18,21,3,integer,"-43, -40, -37, -34, -31, -28, ?",-25,-25,1,4.106204271316528,8.2095277590461,0.5325244410226171
2026-01-25T13:39:38.485430,test_user,6df69c78-f14d-411e-87c8-a997189afbfc,8,logical,LOG-CONSTRAINT-21-6-6,21,24,3,yesno,"B is left of A.
F is left of E.
F is left of C.
D is left of A.
E is left of A.
D is left of B.
Is A left of F?",no,no,1,3.8815701007843018,14.853010437617641,0.8365859509571776
2026-01-25T13:39:43.221055,test_user,6df69c78-f14d-411e-87c8-a997189afbfc,9,logical,LOG-CONSTRAINT-24-7-6,24,27,3,yesno,"F is faster than D.
E is faster than B.
F is faster than E.
F is faster than G.
G is faster than C.
A is faster than B.
Is B faster than F?",no,no,1,4.729161262512207,15.354462717134385,0.8466187193807221
2026-01-25T13:40:09.388676,test_user,6df69c78-f14d-411e-87c8-a997189afbfc,10,numerical,NUM-SQUARE-27,27,25,-2,integer,What is 19^2?,361,261,0,26.162592887878418,13.537259433113064,0.40524743114405193
2026-01-25T13:40:19.004927,test_user,6df69c78-f14d-411e-87c8-a997189afbfc,11,logical,LOG-CONSTRAINT-25-8-6,25,28,3,yesno,"B is faster than F.
B is faster than C.
G is faster than F.
B is faster than E.
G is faster than C.
D is faster than B.
Is C faster than D?",no,no,1,9.610274314880371,15.5216134769733,0.8498490232028919
2026-01-25T13:40:25.037974,test_user,6df69c78-f14d-411e-87c8-a997189afbfc,12,numerical,NUM-RATIOSCALING-28,28,30,2,integer,"5 -> 45, 8 -> ?",72,72,1,6.0277321338653564,6.466268498199733,0.6979161546849566
2026-01-25T13:40:43.470295,test_user,6df69c78-f14d-411e-87c8-a997189afbfc,13,pattern,PAT-MP-30-7-3,30,31,1,integer,"17, 51, 153, 459, 1377, 4131, 12393, ?",37179,37179,1,18.42638897895813,14.237011403840214,0.5669357560431247
2026-01-25T13:41:05.181533,test_user,6df69c78-f14d-411e-87c8-a997189afbfc,14,pattern,PAT-MIXED-31-4-12-12,31,33,2,integer,"4, 13, 19, 23, 69, 78, 84, 88, 264, 273, 279, ?",283,283,1,21.70545744895935,26.38557839562803,0.4485106686449197
2026-01-25T13:41:10.070352,test_user,6df69c78-f14d-411e-87c8-a997189afbfc,15,pattern,PAT-CP-33-7-17,33,36,3,integer,"19, 13, 14, 16, 2, 4, 6, 19, 13, 14, 16, 2, 4, 6, 19, 13, 14, ?",16,16,1,4.882791996002197,9.069583936279237,0.6717235888155938
2026-01-25T13:41:16.740374,test_user,6df69c78-f14d-411e-87c8-a997189afbfc,16,logical,LOG-IMP-36-7-7,36,39,3,yesno,"F is True.
G is True.
If G is True, then D is True.
If E is True, then G is True.
If D is True, then A is True.
If G is True, then B is True.
If A is True, then B is True.
If D is True, then B is True.
If E is True, then F is True.
Is B True?",yes,yes,1,6.664507150650024,13.544857433963116,0.5208787045222936
2026-01-25T13:41:18.781927,test_user,6df69c78-f14d-411e-87c8-a997189afbfc,17,numerical,NUM-DIV-39,39,42,3,integer,What is 4500 divided by 450?,10,10,1,2.0356080532073975,11.67659789269548,0.4321016267154126
2026-01-25T13:41:22.692939,test_user,6df69c78-f14d-411e-87c8-a997189afbfc,18,logical,LOG-CONSTRAINT-42-7-7,42,45,3,yesno,"F is above D.
F is above A.
E is above B.
A is above B.
E is above A.
D is above B.
D is above G.
Is G above F?",no,no,1,3.905034303665161,18.363176394234856,0.8966007042695678
2026-01-25T13:41:38.438914,test_user,6df69c78-f14d-411e-87c8-a997189afbfc,19,pattern,PAT-MIXED-45-3-14-12,45,48,3,integer,"4, 8, 12, 20, 24, 28, 36, 40, 44, 52, 56, 60, 68, ?",72,72,1,15.740276098251343,28.725689033372838,0.5360929987339609
2026-01-25T13:41:46.030958,test_user,6df69c78-f14d-411e-87c8-a997189afbfc,20,numerical,NUM-NEARBOUNDARY-48,48,51,3,integer,What is 1017 + 2029?,3046,3046,1,7.586477756500244,11.205953467819688,0.532888729433085
2026-01-25T13:42:02.029812,test_user,6df69c78-f14d-411e-87c8-a997189afbfc,21,pattern,PAT-MP-51-7-3,51,53,2,integer,"27, 81, 243, 729, 2187, 6561, 19683, ?",59049,59049,1,15.993389368057251,17.747177360457428,0.689188942353333
2026-01-25T13:42:27.101171,test_user,6df69c78-f14d-411e-87c8-a997189afbfc,22,logical,LOG-IMP-53-8-8,53,54,1,yesno,"C is True.
G is True.
If H is True, then C is True.
If E is True, then B is True.
If E is True, then A is True.
If A is True, then D is True.
If G is True, then E is True.
If E is True, then D is True.
If A is True, then G is True.
If E is True, then F is True.
Is D True?",yes,yes,1,25.06581449508667,16.386420351224672,0.6248436209778969
2026-01-25T13:42:36.932639,test_user,6df69c78-f14d-411e-87c8-a997189afbfc,23,pattern,PAT-AP-54-11-30,54,57,3,integer,"46, 39, 32, 25, 18, 11, 4, -3, -10, -17, -24, ?",-31,-31,1,9.826242446899414,14.226955113247035,0.73762474810648
2026-01-25T13:42:55.285064,test_user,6df69c78-f14d-411e-87c8-a997189afbfc,24,numerical,NUM-DIV-57,57,58,1,integer,What is 2550 divided by 150?,17,17,1,18.346588373184204,14.68531156979595,0.5444838732890573
2026-01-25T13:43:08.172747,test_user,6df69c78-f14d-411e-87c8-a997189afbfc,25,pattern,PAT-MP-58-7-3,58,61,3,integer,"10, 30, 90, 270, 810, 2430, 7290, ?",21870,21870,1,12.882591485977173,18.917232679329828,0.7255153819203075
2026-01-25T13:43:16.796573,test_user,6df69c78-f14d-411e-87c8-a997189afbfc,26,numerical,NUM-NEARBOUNDARY-61,61,64,3,integer,What is 2003 + 964?,2967,2967,1,8.618066310882568,13.37891334572558,0.6125312804314227
2026-01-25T13:43:27.069624,test_user,6df69c78-f14d-411e-87c8-a997189afbfc,27,numerical,NUM-RATIOSCALING-64,64,66,2,integer,"7 -> 105, 5 -> ?",75,75,1,10.267641305923462,12.483695852400668,0.8507851123272819
2026-01-25T13:43:29.900594,test_user,6df69c78-f14d-411e-87c8-a997189afbfc,28,numerical,NUM-SQUARE-66,66,69,3,integer,What is 7^2?,49,49,1,2.824784517288208,20.056139066830745,0.6445142093194935
2026-01-25T13:43:33.165463,test_user,6df69c78-f14d-411e-87c8-a997189afbfc,29,numerical,NUM-RATIO-INVERSE-69,69,72,3,integer,"140 -> 10, 42 -> ?",3,3,1,3.2582314014434814,12.211205486616265,0.960651754321312
2026-01-25T13:43:59.404197,test_user,6df69c78-f14d-411e-87c8-a997189afbfc,30,pattern,PAT-MP-72-7-3,72,73,1,integer,"25, 75, 225, 675, 2025, 6075, 18225, ?",54675,54675,1,26.23323369026184,21.257343317074636,0.78973032005368
2026-01-25T13:44:18.645297,test_user,6df69c78-f14d-411e-87c8-a997189afbfc,31,logical,LOG-CONSTRAINT-73-9-6,73,75,2,yesno,"F is left of D.
A is left of F.
H is left of I.
I is left of B.
H is left of A.
A is left of B.
Is H left of D?",yes,yes,1,19.235080003738403,23.54484994924121,0.9496894906673597
2026-01-25T13:44:56.243768,test_user,cd9bd413-8e19-435a-84a5-db50bdcb7c4d,0,logical,LOG-CONSTRAINT-0-3-2,0,3,3,yesno,"B is faster than A.
A is faster than C.
Is C faster than B?",no,no,1,5.002676010131836,11.34284448100043,0.751396038922802
2026-01-25T13:44:58.356847,test_user,cd9bd413-8e19-435a-84a5-db50bdcb7c4d,1,numerical,NUM-SQUARE-3,3,7,4,integer,What is 5^2?,25,25,1,2.105118751525879,9.525641196979109,0.2717227665170716
2026-01-25T13:45:03.596125,test_user,cd9bd413-8e19-435a-84a5-db50bdcb7c4d,2,pattern,PAT-CP-7-3-6,7,9,2,integer,"10, 4, 8, 10, 4, 8, ?",10,10,1,5.232622385025024,4.72366418046745,0.5158825217455292
2026-01-25T13:45:06.925693,test_user,cd9bd413-8e19-435a-84a5-db50bdcb7c4d,3,pattern,PAT-CP-9-3-6,9,12,3,integer,"3, 16, 13, 3, 16, 13, ?",3,3,1,3.3230502605438232,5.05796570014528,0.5284041657176928
2026-01-25T13:45:08.972356,test_user,cd9bd413-8e19-435a-84a5-db50bdcb7c4d,4,numerical,NUM-DIV-12,12,16,4,integer,What is 500 divided by 100?,5,5,1,2.0414011478424072,7.163527377044778,0.27872094982999446
2026-01-25T13:45:11.413479,test_user,cd9bd413-8e19-435a-84a5-db50bdcb7c4d,5,numerical,NUM-RATIOSCALING-16,16,19,3,integer,"5 -> 30, 10 -> ?",60,60,1,2.4360291957855225,4.460459380132755,0.6309439360197663
2026-01-25T13:45:19.061779,test_user,cd9bd413-8e19-435a-84a5-db50bdcb7c4d,6,pattern,PAT-MIXED-19-2-8-8,19,23,4,integer,"12, 14, 21, 23, 30, 32, 39, ?",41,41,1,7.64217472076416,24.379769277561053,0.375705658560652
2026-01-25T13:45:23.532782,test_user,cd9bd413-8e19-435a-84a5-db50bdcb7c4d,7,numerical,NUM-RATIO-INVERSE-23,23,25,2,integer,"14 -> 2, 42 -> ?",6,6,1,4.465762376785278,4.52227053402618,0.8850192374543859
2026-01-25T13:45:27.477765,test_user,cd9bd413-8e19-435a-84a5-db50bdcb7c4d,8,numerical,NUM-RATIOSCALING-25,25,28,3,integer,"2 -> 14, 4 -> ?",28,28,1,3.9389395713806152,5.964816218682989,0.6818122872831534
2026-01-25T13:45:36.084788,test_user,cd9bd413-8e19-435a-84a5-db50bdcb7c4d,9,logical,LOG-BOOL-28-4-3,28,31,3,boolean,"A is True.
B is True.
C is True.
D is True.
What is: (NOT (((D OR A) AND (NOT B)) AND C))?",True,t,1,8.60141658782959,14.225985785413993,0.43022602122853004
2026-01-25T13:45:54.092372,test_user,cd9bd413-8e19-435a-84a5-db50bdcb7c4d,10,logical,LOG-IMP-31-7-8,31,32,1,yesno,"E is True.
D is True.
If D is True, then A is True.
If G is True, then D is True.
If E is True, then D is True.
If E is True, then G is True.
If E is True, then A is True.
If A is True, then D is True.
If B is True, then A is True.
If F is True, then B is True.
Is A True?",yes,yes,1,18.002097368240356,12.709103634768542,0.48952510211151656
2026-01-25T13:46:14.251805,test_user,cd9bd413-8e19-435a-84a5-db50bdcb7c4d,11,pattern,PAT-MIXED-32-3-10-12,32,34,2,integer,"5, 17, 25, 31, 43, 51, 57, 69, 77, ?",83,83,1,20.154542684555054,26.552729155466945,0.4547253013614221
2026-01-25T13:46:17.981642,test_user,cd9bd413-8e19-435a-84a5-db50bdcb7c4d,12,logical,LOG-IMP-34-9-7,34,37,3,yesno,"C is True.
G is True.
If H is True, then B is True.
If B is True, then F is True.
If B is True, then H is True.
If I is True, then B is True.
If G is True, then H is True.
If A is True, then G is True.
If G is True, then D is True.
Is D True?",yes,yes,1,3.7240560054779053,13.210555914285287,0.5083431647335217
2026-01-25T13:46:31.924544,test_user,cd9bd413-8e19-435a-84a5-db50bdcb7c4d,13,logical,LOG-CONSTRAINT-37-8-7,37,39,2,yesno,"B is faster than G.
H is faster than A.
G is faster than E.
G is faster than H.
A is faster than D.
F is faster than D.
G is faster than A.
Is B faster than H?",yes,yes,1,13.933241128921509,17.527422595040278,0.8843764671869744
2026-01-25T13:46:37.276155,test_user,cd9bd413-8e19-435a-84a5-db50bdcb7c4d,14,logical,LOG-CONSTRAINT-39-7-6,39,42,3,yesno,"G is faster than B.
E is faster than A.
E is faster than F.
C is faster than E.
G is faster than D.
F is faster than G.
Is B faster than F?",no,no,1,5.345846176147461,17.861724114718108,0.8894102295729918
2026-01-25T13:46:46.286050,test_user,cd9bd413-8e19-435a-84a5-db50bdcb7c4d,15,pattern,PAT-AP-42-10-25,42,44,2,integer,"-22, -34, -46, -58, -70, -82, -94, -106, -118, -130, ?",-142,-142,1,9.004484176635742,12.221145995180056,0.6753609998895167
2026-01-25T13:46:48.339435,test_user,cd9bd413-8e19-435a-84a5-db50bdcb7c4d,16,numerical,NUM-RATIOSCALING-44,44,47,3,integer,"5 -> 55, 4 -> ?",44,44,1,2.048182725906372,9.14068065562237,0.775371716627204
2026-01-25T13:46:52.252766,test_user,cd9bd413-8e19-435a-84a5-db50bdcb7c4d,17,logical,LOG-CONSTRAINT-47-7-8,47,50,3,yesno,"D is left of A.
D is left of B.
E is left of B.
D is left of G.
E is left of D.
G is left of C.
C is left of B.
G is left of E.
Is A left of G?",no,no,1,3.9078192710876465,19.198930193429426,0.9076674722914999
2026-01-25T13:47:13.404919,test_user,cd9bd413-8e19-435a-84a5-db50bdcb7c4d,18,pattern,PAT-MIXED-50-3-15-12,50,52,2,integer,"13, 23, 35, 42, 52, 64, 71, 81, 93, 100, 110, 122, 129, 139, ?",151,151,1,21.146586656570435,29.561442832567412,0.5671156577008349
2026-01-25T13:47:19.955336,test_user,cd9bd413-8e19-435a-84a5-db50bdcb7c4d,19,numerical,NUM-RATIOSCALING-52,52,55,3,integer,"3 -> 27, 8 -> ?",72,72,1,6.544609785079956,10.47788673433369,0.8083998574102981
2026-01-25T13:47:23.277989,test_user,cd9bd413-8e19-435a-84a5-db50bdcb7c4d,20,pattern,PAT-CP-55-8-14,55,58,3,integer,"19, 3, 8, 1, 7, 15, 19, 8, 19, 3, 8, 1, 7, 15, ?",19,19,1,3.3172008991241455,12.746900652735363,0.7804096389367028
2026-01-25T13:47:27.326032,test_user,cd9bd413-8e19-435a-84a5-db50bdcb7c4d,21,pattern,PAT-CP-58-6-18,58,61,3,integer,"20, 19, 8, 2, 20, 15, 20, 19, 8, 2, 20, 15, 20, 19, 8, 2, 20, 15, ?",20,20,1,4.0411882400512695,13.248352932252107,0.7930381125903466
2026-01-25T13:47:57.300542,test_user,cd9bd413-8e19-435a-84a5-db50bdcb7c4d,22,numerical,NUM-SQUARE-61,61,62,1,integer,What is 24^2?,576,576,1,29.96945333480835,19.22038526763617,0.6152754565464733
2026-01-25T13:48:07.507545,test_user,cd9bd413-8e19-435a-84a5-db50bdcb7c4d,23,numerical,NUM-DIV-62,62,65,3,integer,What is 76000 divided by 4000?,19,19,1,10.20108962059021,15.521065368990524,0.5753898450547489
2026-01-25T13:48:16.235455,test_user,cd9bd413-8e19-435a-84a5-db50bdcb7c4d,24,logical,LOG-COMP-65-25,65,68,3,yesno,R is taller than Y. L is taller than Q. U is taller than R. V is taller than X. L is taller than R. U is taller than L. C is taller than G. X is taller than R. G is taller than Y. R is taller than T. O is taller than Y. D is taller than C. Is Y taller than D?,no,no,1,8.722376585006714,25.550703150426003,0.932184187546041
2026-01-25T13:48:25.755619,test_user,cd9bd413-8e19-435a-84a5-db50bdcb7c4d,25,logical,LOG-BOOL-68-6-3,68,71,3,boolean,"A is True.
B is True.
C is True.
D is True.
E is True.
F is False.
What is: (NOT (((B AND (NOT E)) OR (NOT A)) AND D))?",True,t,1,9.513810157775879,20.91201617897059,0.6732285802997708
2026-01-25T13:48:31.035704,test_user,cd9bd413-8e19-435a-84a5-db50bdcb7c4d,26,pattern,PAT-AP-71-9-30,71,74,3,integer,"-29, -33, -37, -41, -45, -49, -53, -57, -61, ?",-65,-65,1,5.27500319480896,17.068518030508585,0.8115716026081561
2026-01-25T13:48:39.027639,test_user,cd9bd413-8e19-435a-84a5-db50bdcb7c4d,27,numerical,NUM-RATIOSCALING-74,74,77,3,integer,"9 -> 117, 3 -> ?",39,39,1,7.986677885055542,14.155203450789816,0.879923970432536
2026-01-25T13:48:43.565732,test_user,cd9bd413-8e19-435a-84a5-db50bdcb7c4d,28,logical,LOG-CONSTRAINT-77-9-6,77,80,3,yesno,"G is left of B.
E is left of B.
D is left of F.
C is left of H.
C is left of B.
C is left of G.
Is B left of E?",no,no,1,4.530305862426758,24.21345298859687,0.9542745506401621
2026-01-25T13:48:51.452003,test_user,cd9bd413-8e19-435a-84a5-db50bdcb7c4d,29,logical,LOG-COMP-80-23,80,83,3,yesno,F is faster than C. B is faster than U. Q is faster than M. D is faster than M. A is faster than S. I is faster than U. C is faster than T. R is faster than D. V is faster than E. P is faster than I. J is faster than D. Is M faster than J?,no,no,1,7.8803699016571045,28.057964548009725,0.9524448642953499
2026-01-25T13:49:08.426825,test_user,cd9bd413-8e19-435a-84a5-db50bdcb7c4d,30,numerical,NUM-SQUARE-83,83,85,2,integer,What is 38^2?,1444,1444,1,16.969514846801758,22.897701984092297,0.7352854358594946
2026-01-25T13:49:16.365235,test_user,cd9bd413-8e19-435a-84a5-db50bdcb7c4d,31,numerical,NUM-NEARBOUNDARY-85,85,88,3,integer,What is 1017 + 2023?,3040,3040,1,7.932941198348999,17.390531581859534,0.7427319600854376
2026-01-25T13:49:45.253553,test_user,cd9bd413-8e19-435a-84a5-db50bdcb7c4d,32,logical,LOG-COMP-88-22,88,90,2,yesno,H is older than O. M is older than G. J is older than O. P is older than O. U is older than L. D is older than G. R is older than E. O is older than F. C is older than N. N is older than U. U is older than H. Is H older than C?,no,no,1,28.878256797790527,29.395170626721047,0.9607549116647007
2026-01-25T13:50:00.627172,test_user,cd9bd413-8e19-435a-84a5-db50bdcb7c4d,33,pattern,PAT-MIXED-90-4-10-12,90,93,3,integer,"16, 26, 104, 113, 115, 125, 500, 509, 511, ?",521,521,1,15.367563962936401,36.24747322612401,0.7814003651055891
2026-01-26T01:11:05.752019,test_user,e187c4ca-80be-4bec-b5d1-78196bd8f1c6,0,pattern,PAT-MP-0-4-2,0,4,4,integer,"4, 8, 16, 32, ?",64,64,1,2.822861909866333,9.222488608672768,0.38143663531342475
2026-01-26T01:11:08.514055,test_user,e187c4ca-80be-4bec-b5d1-78196bd8f1c6,1,numerical,NUM-RATIOSCALING-4,4,6,2,integer,"6 -> 18, 4 -> ?",12,12,1,2.7560718059539795,2.454650262065776,0.5585162553535136
2026-01-26T01:11:17.148948,test_user,e187c4ca-80be-4bec-b5d1-78196bd8f1c6,2,pattern,PAT-MIXED-6-2-5-5,6,10,4,integer,"12, 60, 62, 310, ?",312,312,1,8.629333257675171,22.206809399655157,0.3027924215369368
2026-01-26T01:11:20.823653,test_user,e187c4ca-80be-4bec-b5d1-78196bd8f1c6,3,logical,LOG-CONSTRAINT-10-4-3,10,13,3,yesno,"A is left of B.
D is left of C.
C is left of A.
Is B left of D?",no,no,1,3.6690497398376465,13.014352079389578,0.7952733170682361
2026-01-26T01:11:24.657413,test_user,e187c4ca-80be-4bec-b5d1-78196bd8f1c6,4,logical,LOG-IMP-13-5-3,13,17,4,yesno,"D is True.
C is True.
If A is True, then B is True.
If C is True, then D is True.
If C is True, then A is True.
Is A True?",yes,yes,1,3.828181028366089,9.700389957668074,0.3790471376759004
2026-01-26T01:11:26.320797,test_user,e187c4ca-80be-4bec-b5d1-78196bd8f1c6,5,numerical,NUM-SQUARE-17,17,21,4,integer,What is 10^2?,100,100,1,1.6581580638885498,11.865751834723916,0.34647142449162893
2026-01-26T01:11:32.818405,test_user,e187c4ca-80be-4bec-b5d1-78196bd8f1c6,6,logical,LOG-BOOL-21-5-3,21,25,4,boolean,"A is False.
B is True.
C is True.
D is True.
E is True.
What is: (((C AND C) AND C) AND (NOT D))?",False,f,1,6.490837097167969,13.05593046654159,0.3877960696973951
2026-01-26T01:11:48.261534,test_user,e187c4ca-80be-4bec-b5d1-78196bd8f1c6,7,numerical,NUM-SQUARE-25,25,28,3,integer,What is 38^2?,1444,1444,1,15.437538385391235,13.202957913435235,0.39321087020821044
2026-01-26T01:11:56.762783,test_user,e187c4ca-80be-4bec-b5d1-78196bd8f1c6,8,pattern,PAT-MP-28-7-3,28,31,3,integer,"17, 51, 153, 459, 1377, 4131, 12393, ?",37179,37179,1,8.494749307632446,13.902709884162384,0.5545747728867728
2026-01-26T01:12:18.094416,test_user,e187c4ca-80be-4bec-b5d1-78196bd8f1c6,9,pattern,PAT-MIXED-31-4-10-12,31,33,2,integer,"11, 13, 25, 100, 105, 107, 119, 476, 481, ?",483,483,1,21.32640838623047,26.38557839562803,0.4485106686449197
2026-01-26T01:12:48.577549,test_user,e187c4ca-80be-4bec-b5d1-78196bd8f1c6,10,pattern,PAT-MIXED-33-3-11-12,33,35,2,integer,"13, 17, 204, 206, 210, 2520, 2522, 2526, 30312, 30314, ?",30318,30318,1,30.477805852890015,26.71987991530586,0.46095407047703546
2026-01-26T01:12:53.650201,test_user,e187c4ca-80be-4bec-b5d1-78196bd8f1c6,11,logical,LOG-CONSTRAINT-35-7-8,35,38,3,yesno,"C is faster than G.
F is faster than E.
B is faster than A.
E is faster than C.
A is faster than F.
G is faster than A.
F is faster than B.
A is faster than C.
Is B faster than G?",yes,yes,1,5.067396402359009,17.19312107536245,0.8791447147959425
2026-01-26T01:13:21.041225,test_user,e187c4ca-80be-4bec-b5d1-78196bd8f1c6,12,pattern,PAT-MIXED-38-4-12-12,38,40,2,integer,"13, 23, 69, 79, 91, 101, 303, 313, 325, 335, 1005, ?",1015,1015,1,27.384594440460205,27.555633714500434,0.4922423128553892
2026-01-26T01:13:26.113569,test_user,e187c4ca-80be-4bec-b5d1-78196bd8f1c6,13,logical,LOG-IMP-40-9-6,40,43,3,yesno,"G is True.
E is True.
If F is True, then E is True.
If D is True, then C is True.
If G is True, then F is True.
If D is True, then A is True.
If D is True, then G is True.
If A is True, then G is True.
Is F True?",yes,yes,1,5.066081523895264,14.213460473318776,0.5458554645625299
2026-01-26T01:13:29.350543,test_user,e187c4ca-80be-4bec-b5d1-78196bd8f1c6,14,numerical,NUM-RATIO-INVERSE-43,43,46,3,integer,"120 -> 8, 135 -> ?",9,9,1,3.231174945831299,7.865285730804478,0.9270829859498515
2026-01-26T01:13:41.564022,test_user,e187c4ca-80be-4bec-b5d1-78196bd8f1c6,15,logical,LOG-BOOL-46-4-5,46,48,2,boolean,"A is True.
B is False.
C is False.
D is True.
What is: (NOT (((((C AND B) AND (NOT A)) OR A) OR (NOT C)) AND B))?",True,t,1,12.207680225372314,17.234699462514463,0.5425865254498401
2026-01-26T01:13:44.960901,test_user,e187c4ca-80be-4bec-b5d1-78196bd8f1c6,16,numerical,NUM-RATIO-INVERSE-48,48,51,3,integer,"32 -> 4, 80 -> ?",10,10,1,3.3915226459503174,8.701039529999054,0.9351233223256812
2026-01-26T01:13:53.140630,test_user,e187c4ca-80be-4bec-b5d1-78196bd8f1c6,17,pattern,PAT-AP-51-11-35,51,54,3,integer,"-26, -51, -76, -101, -126, -151, -176, -201, -226, -251, -276, ?",-301,-301,1,8.17453670501709,13.72550283373029,0.7227969373819547
2026-01-26T01:13:57.294360,test_user,e187c4ca-80be-4bec-b5d1-78196bd8f1c6,18,logical,LOG-IMP-54-8-6,54,57,3,yesno,"H is True.
D is True.
If C is True, then G is True.
If B is True, then H is True.
If H is True, then F is True.
If D is True, then B is True.
If E is True, then A is True.
If A is True, then C is True.
Is B True?",yes,yes,1,4.1483845710754395,16.553571111063583,0.6307072895924426
2026-01-26T01:14:03.272716,test_user,e187c4ca-80be-4bec-b5d1-78196bd8f1c6,19,logical,LOG-IMP-57-7-7,57,60,3,yesno,"B is True.
F is True.
If F is True, then D is True.
If D is True, then C is True.
If B is True, then G is True.
If E is True, then A is True.
If D is True, then E is True.
If D is True, then F is True.
If A is True, then C is True.
Is E True?",yes,yes,1,5.972271680831909,17.05502339058033,0.6480625523032891
2026-01-26T01:14:05.988501,test_user,e187c4ca-80be-4bec-b5d1-78196bd8f1c6,20,numerical,NUM-RATIOSCALING-60,60,63,3,integer,"10 -> 80, 4 -> ?",32,32,1,2.7107126712799072,11.815092813045009,0.8375889244908391
2026-01-26T01:14:10.336805,test_user,e187c4ca-80be-4bec-b5d1-78196bd8f1c6,21,numerical,NUM-RATIO-INVERSE-63,63,66,3,integer,"40 -> 5, 56 -> ?",7,7,1,4.342972993850708,11.208300927582776,0.9545487162094614
2026-01-26T01:14:12.948295,test_user,e187c4ca-80be-4bec-b5d1-78196bd8f1c6,22,numerical,NUM-RATIO-INVERSE-66,66,69,3,integer,"70 -> 10, 14 -> ?",2,2,1,2.605705976486206,11.70975320709952,0.9577053310183029
2026-01-26T01:14:31.277229,test_user,e187c4ca-80be-4bec-b5d1-78196bd8f1c6,23,numerical,NUM-DIV-69,69,71,2,integer,What is 10625 divided by 625?,17,17,1,18.323365211486816,16.691120687862927,0.6176376225498893
2026-01-26T01:14:34.294450,test_user,e187c4ca-80be-4bec-b5d1-78196bd8f1c6,24,logical,LOG-CONSTRAINT-71-7-7,71,74,3,yesno,"A is faster than D.
F is faster than C.
F is faster than A.
G is faster than D.
A is faster than G.
D is faster than F.
B is faster than D.
Is C faster than A?",no,no,1,3.011685848236084,23.21054842956338,0.9472367150848007
2026-01-26T01:14:39.446183,test_user,e187c4ca-80be-4bec-b5d1-78196bd8f1c6,25,numerical,NUM-NEARBOUNDARY-74,74,77,3,integer,What is 1972 - 1050?,922,922,1,5.146709442138672,15.551873223631471,0.6865812970895706
2026-01-26T01:14:42.948606,test_user,e187c4ca-80be-4bec-b5d1-78196bd8f1c6,26,logical,LOG-IMP-77-7-7,77,80,3,yesno,"E is True.
B is True.
If B is True, then C is True.
If F is True, then E is True.
If D is True, then C is True.
If C is True, then B is True.
If B is True, then G is True.
If F is True, then B is True.
If B is True, then F is True.
Is F True?",yes,yes,1,3.496695041656494,20.398038587358627,0.752578192857088
2026-01-26T01:14:53.235345,test_user,e187c4ca-80be-4bec-b5d1-78196bd8f1c6,27,logical,LOG-BOOL-80-4-5,80,83,3,boolean,"A is False.
B is True.
C is True.
D is True.
What is: (NOT (((((B OR (NOT C)) OR (NOT C)) OR (NOT C)) AND (NOT B)) AND (NOT B)))?",True,t,1,10.280861139297485,22.917825297037567,0.7357412836836
2026-01-26T01:15:06.643874,test_user,e187c4ca-80be-4bec-b5d1-78196bd8f1c6,28,pattern,PAT-MIXED-83-3-12-12,83,86,3,integer,"13, 24, 27, 38, 49, 52, 63, 74, 77, 88, 99, ?",102,102,1,13.401855230331421,35.0774179072516,0.7499206171219595
2026-01-26T01:15:10.576729,test_user,e187c4ca-80be-4bec-b5d1-78196bd8f1c6,29,pattern,PAT-AP-86-12-25,86,89,3,integer,"-41, -39, -37, -35, -33, -31, -29, -27, -25, -23, -21, -19, ?",-17,-17,1,3.9277729988098145,19.57577942809231,0.8625534420779007
2026-01-26T01:15:22.340553,test_user,e187c4ca-80be-4bec-b5d1-78196bd8f1c6,30,pattern,PAT-MP-89-8-3,89,92,3,integer,"12, 36, 108, 324, 972, 2916, 8748, 26244, ?",78732,78732,1,11.75836181640625,24.09890623433619,0.8519396430920548
2026-01-26T01:15:25.646208,test_user,e187c4ca-80be-4bec-b5d1-78196bd8f1c6,31,pattern,PAT-AP-92-9-30,92,95,3,integer,"36, 32, 28, 24, 20, 16, 12, 8, 4, ?",0,0,1,3.300213098526001,20.5786839871258,0.8794492355118643
2026-01-26T01:15:35.975045,test_user,e187c4ca-80be-4bec-b5d1-78196bd8f1c6,32,numerical,NUM-NEARBOUNDARY-95,95,98,3,integer,What is 2002 - 1974?,28,28,1,10.323005199432373,19.062039180248682,0.7877063639514128
2026-01-26T01:15:44.721161,test_user,e187c4ca-80be-4bec-b5d1-78196bd8f1c6,33,logical,LOG-BOOL-98-6-5,98,101,3,boolean,"A is True.
B is False.
C is True.
D is False.
E is False.
F is True.
What is: (NOT (((((B AND B) OR E) AND C) AND B) AND C))?",True,t,1,8.740633964538574,25.926538974138037,0.8139129447629907
2026-01-26T01:15:48.128841,test_user,e187c4ca-80be-4bec-b5d1-78196bd8f1c6,34,pattern,PAT-CP-101-7-20,101,104,3,integer,"6, 3, 10, 3, 6, 4, 17, 6, 3, 10, 3, 6, 4, 17, 6, 3, 10, 3, 6, 4, ?",17,17,1,3.401287078857422,20.435835605325448,0.9185173865419083
2026-01-26T01:15:56.862905,test_user,e187c4ca-80be-4bec-b5d1-78196bd8f1c6,35,pattern,PAT-MP-104-7-3,104,102,-2,integer,"11, 33, 99, 297, 891, 2673, 8019, ?",24057,24047,0,8.72877550125122,26.606167631919917,0.8934335354494721
2026-01-26T01:16:12.754737,test_user,e187c4ca-80be-4bec-b5d1-78196bd8f1c6,36,pattern,PAT-AP-102-11-35,102,104,2,integer,"-25, -8, 9, 26, 43, 60, 77, 94, 111, 128, 145, ?",162,162,1,15.886531591415405,22.250191585514948,0.903624611861309
2026-01-26T01:23:05.794333,test_user,f2d0a716-2649-4917-897c-d40003556b9b,0,logical,LOG-BOOL-0-2-1,0,0,-1,boolean,"A is False.
B is True.
What is: (A OR B)?",True,f,0,2.7083027362823486,9.545764509924377,0.2721867265822085
2026-01-26T01:23:11.186270,test_user,f2d0a716-2649-4917-897c-d40003556b9b,1,numerical,NUM-DIV-0,0,3,3,integer,What is 1500 divided by 150?,10,10,1,5.386218070983887,5.1577182589778,0.22236433845909082
2026-01-26T01:23:18.331269,test_user,f2d0a716-2649-4917-897c-d40003556b9b,2,pattern,PAT-MIXED-3-2-5-3,3,2,-1,integer,"1, 3, 9, 11, ?",33,17,0,7.139712572097778,21.705357120138412,0.28713958571763565
2026-01-26T01:23:21.881757,test_user,f2d0a716-2649-4917-897c-d40003556b9b,3,pattern,PAT-MP-2-4-2,2,6,4,integer,"3, 6, 12, 24, ?",48,48,1,3.54543137550354,9.556790128350597,0.39334641555020766
2026-01-26T01:23:26.491689,test_user,f2d0a716-2649-4917-897c-d40003556b9b,4,pattern,PAT-AP-6-5-7,6,8,2,integer,"44, 49, 54, 59, 64, ?",69,69,1,4.604020357131958,6.203718640979121,0.4573925364567544
2026-01-26T01:23:28.386915,test_user,f2d0a716-2649-4917-897c-d40003556b9b,5,numerical,NUM-NEARBOUNDARY-8,8,12,4,integer,What is 42 + 1?,43,43,1,1.8895063400268555,4.519923074263092,0.2948366673527468
2026-01-26T01:23:33.995056,test_user,f2d0a716-2649-4917-897c-d40003556b9b,6,logical,LOG-BOOL-12-3-2,12,16,4,boolean,"A is False.
B is True.
C is True.
What is: ((A AND (NOT C)) AND (NOT B))?",False,f,1,5.602322340011597,11.551573627991356,0.3357191057552032
2026-01-26T01:23:39.667801,test_user,f2d0a716-2649-4917-897c-d40003556b9b,7,pattern,PAT-CP-16-5-10,16,18,2,integer,"12, 8, 19, 5, 19, 12, 8, 19, 5, 19, ?",12,12,1,5.667205095291138,6.2280210190176835,0.5718482345356791
2026-01-26T01:23:43.939341,test_user,f2d0a716-2649-4917-897c-d40003556b9b,8,pattern,PAT-CP-18-5-8,18,21,3,integer,"6, 13, 13, 15, 4, 6, 13, 13, ?",15,15,1,4.265987396240234,6.562322538695513,0.584089361184563
2026-01-26T01:23:52.123307,test_user,f2d0a716-2649-4917-897c-d40003556b9b,9,numerical,NUM-NEARBOUNDARY-21,21,23,2,integer,What is 517 + 1027?,1544,1544,1,8.177945852279663,6.6928829521689845,0.36684213558555945
2026-01-26T01:24:15.939452,test_user,f2d0a716-2649-4917-897c-d40003556b9b,10,numerical,NUM-SQUARE-23,23,21,-2,integer,What is 23^2?,529,499,0,23.80995798110962,12.868656393757405,0.38130261448681524
2026-01-26T01:24:19.410122,test_user,f2d0a716-2649-4917-897c-d40003556b9b,11,numerical,NUM-SQUARE-21,21,25,4,integer,What is 1^2?,1,1,1,3.465282678604126,12.534354874079575,0.36953536752918287
2026-01-26T01:24:29.371202,test_user,f2d0a716-2649-4917-897c-d40003556b9b,12,logical,LOG-BOOL-25-4-3,25,27,2,boolean,"A is False.
B is False.
C is False.
D is True.
What is: (((A OR (NOT A)) AND (NOT B)) AND A)?",False,f,1,9.954266548156738,13.724533505897249,0.4118771977706891
2026-01-26T01:24:37.050865,test_user,f2d0a716-2649-4917-897c-d40003556b9b,13,logical,LOG-CONSTRAINT-27-8-8,27,30,3,yesno,"E is left of G.
D is left of H.
C is left of A.
G is left of A.
H is left of F.
H is left of E.
F is left of C.
F is left of D.
Is A left of F?",no,no,1,7.673369646072388,15.85591499665113,0.8561414481023387
2026-01-26T01:24:40.866949,test_user,f2d0a716-2649-4917-897c-d40003556b9b,14,pattern,PAT-AP-30-13-25,30,33,3,integer,"3, 1, -1, -3, -5, -7, -9, -11, -13, -15, -17, -19, -21, ?",-23,-23,1,3.8100459575653076,10.215336877113078,0.6062097514601416
2026-01-26T01:24:44.946060,test_user,f2d0a716-2649-4917-897c-d40003556b9b,15,pattern,PAT-CP-33-6-20,33,36,3,integer,"11, 10, 11, 3, 11, 5, 11, 10, 11, 3, 11, 5, 11, 10, 11, 3, 11, 5, 11, 10, ?",11,11,1,4.069827556610107,9.069583936279237,0.6717235888155938
2026-01-26T01:25:00.939289,test_user,f2d0a716-2649-4917-897c-d40003556b9b,16,pattern,PAT-MIXED-36-4-12-12,36,39,3,integer,"12, 17, 26, 30, 34, 39, 48, 52, 56, 61, 70, ?",74,74,1,15.987652063369751,27.221332194822605,0.47970593212607077
2026-01-26T01:25:14.193798,test_user,f2d0a716-2649-4917-897c-d40003556b9b,17,numerical,NUM-SQUARE-39,39,41,2,integer,What is 28^2?,784,784,1,13.249211311340332,15.543068551180042,0.479381267637782
2026-01-26T01:25:23.937626,test_user,f2d0a716-2649-4917-897c-d40003556b9b,18,logical,LOG-BOOL-41-4-5,41,44,3,boolean,"A is True.
B is False.
C is False.
D is True.
What is: (((((A AND D) OR A) AND (NOT B)) OR A) AND B)?",False,f,1,9.738428831100464,16.398945663319886,0.5113207382921365
2026-01-26T01:25:31.033469,test_user,f2d0a716-2649-4917-897c-d40003556b9b,19,logical,LOG-BOOL-44-4-3,44,47,3,boolean,"A is False.
B is True.
C is True.
D is True.
What is: (((B AND (NOT A)) OR (NOT A)) OR (NOT D))?",True,t,1,7.090342044830322,16.900397942836634,0.5301065789069223
2026-01-26T01:25:48.913508,test_user,f2d0a716-2649-4917-897c-d40003556b9b,20,pattern,PAT-MIXED-47-4-10-12,47,50,3,integer,"14, 21, 27, 34, 38, 45, 51, 58, 62, ?",69,69,1,17.87469744682312,29.059990553050667,0.5485493541425107
2026-01-26T01:25:51.874129,test_user,f2d0a716-2649-4917-897c-d40003556b9b,21,pattern,PAT-CP-50-7-18,50,53,3,integer,"1, 13, 1, 20, 4, 17, 8, 1, 13, 1, 20, 4, 17, 8, 1, 13, 1, 20, ?",4,4,1,2.9552834033966064,11.911146853540789,0.7581541173755577
2026-01-26T01:25:59.937889,test_user,f2d0a716-2649-4917-897c-d40003556b9b,22,pattern,PAT-MIXED-53-3-14-12,53,56,3,integer,"11, 13, 19, 28, 30, 36, 45, 47, 53, 62, 64, 70, 79, ?",81,81,1,8.058240175247192,30.06289511208416,0.5854953771490935
2026-01-26T01:26:11.017454,test_user,f2d0a716-2649-4917-897c-d40003556b9b,23,pattern,PAT-MIXED-56-3-13-12,56,59,3,integer,"3, 8, 17, 23, 28, 37, 43, 48, 57, 63, 68, 77, ?",83,83,1,11.07424020767212,30.5643473916009,0.6036401280843708
2026-01-26T01:26:16.273748,test_user,f2d0a716-2649-4917-897c-d40003556b9b,24,pattern,PAT-CP-59-6-13,59,62,3,integer,"16, 7, 16, 8, 14, 15, 16, 7, 16, 8, 14, 15, 16, ?",7,7,1,5.249632358551025,13.415503692091022,0.7971264509242764
2026-01-26T01:26:24.555772,test_user,f2d0a716-2649-4917-897c-d40003556b9b,25,numerical,NUM-RATIOSCALING-62,62,65,3,integer,"3 -> 42, 2 -> ?",28,28,1,8.27603793144226,12.149394332722839,0.8443010073003862
2026-01-26T01:26:31.897354,test_user,f2d0a716-2649-4917-897c-d40003556b9b,26,numerical,NUM-RATIOSCALING-65,65,68,3,integer,"7 -> 105, 5 -> ?",75,75,1,7.335407495498657,12.650846612239583,0.8539428072832226
2026-01-26T01:26:42.459198,test_user,f2d0a716-2649-4917-897c-d40003556b9b,27,logical,LOG-BOOL-68-4-3,68,71,3,boolean,"A is True.
B is True.
C is False.
D is True.
What is: (NOT (((B OR D) AND (NOT B)) OR (NOT C)))?",False,f,1,10.55605959892273,20.91201617897059,0.6732285802997708
2026-01-26T01:26:46.643026,test_user,f2d0a716-2649-4917-897c-d40003556b9b,28,pattern,PAT-CP-71-6-13,71,74,3,integer,"13, 2, 16, 19, 8, 14, 13, 2, 16, 19, 8, 14, 13, ?",2,2,1,4.178024530410767,15.421312810158,0.8415166648028994
2026-01-26T01:26:57.145771,test_user,f2d0a716-2649-4917-897c-d40003556b9b,29,numerical,NUM-NEARBOUNDARY-74,74,77,3,integer,What is 968 + 1012?,1980,1980,1,10.49640417098999,15.551873223631471,0.6865812970895706
2026-01-26T01:27:02.122522,test_user,f2d0a716-2649-4917-897c-d40003556b9b,30,numerical,NUM-RATIO-INVERSE-77,77,80,3,integer,"54 -> 6, 90 -> ?",10,10,1,4.970454216003418,13.548411565327582,0.9675765051223996
2026-01-26T01:27:12.777293,test_user,f2d0a716-2649-4917-897c-d40003556b9b,31,logical,LOG-COMP-80-20,80,83,3,yesno,P is faster than D. D is faster than E. Q is faster than I. A is faster than Q. B is faster than F. H is faster than P. B is faster than N. H is faster than G. O is faster than M. D is faster than I. Is H faster than E?,yes,yes,1,10.646922826766968,28.057964548009725,0.9524448642953499
2026-01-26T01:27:15.146226,test_user,f2d0a716-2649-4917-897c-d40003556b9b,32,numerical,NUM-DIV-83,83,86,3,integer,What is 320 divided by 160?,2,2,1,2.363456964492798,19.031231325607735,0.6965339293861313
2026-01-26T01:27:27.714690,test_user,f2d0a716-2649-4917-897c-d40003556b9b,33,pattern,PAT-MP-86-8-3,86,89,3,integer,"13, 39, 117, 351, 1053, 3159, 9477, 28431, ?",85293,85293,1,12.55962347984314,23.597453954819446,0.8421900440275404
2026-01-26T01:27:39.666885,test_user,f2d0a716-2649-4917-897c-d40003556b9b,34,pattern,PAT-MP-89-7-3,89,92,3,integer,"25, 75, 225, 675, 2025, 6075, 18225, ?",54675,54675,1,11.946691989898682,24.09890623433619,0.8519396430920548
2026-01-26T01:27:45.305616,test_user,f2d0a716-2649-4917-897c-d40003556b9b,35,logical,LOG-CONSTRAINT-92-9-6,92,95,3,yesno,"C is faster than E.
B is faster than C.
A is faster than D.
A is faster than G.
H is faster than D.
I is faster than E.
Is E faster than B?",no,no,1,5.63327431678772,26.7207143861806,0.9681609184363106
2026-01-26T01:28:05.114665,test_user,f2d0a716-2649-4917-897c-d40003556b9b,36,numerical,NUM-SQUARE-95,95,97,2,integer,What is 18^2?,324,324,1,19.80394458770752,24.903511102159275,0.7896359744008701
2026-01-26T01:43:48.933755,test_user,3e655a1b-2197-45a9-b9fd-67f8cca78596,0,numerical,NUM-NEARBOUNDARY-0,0,4,4,integer,What is 47 + 4?,51,51,1,2.2021186351776123,5.260931268397884,0.1890697111724451
2026-01-26T01:43:51.989813,test_user,3e655a1b-2197-45a9-b9fd-67f8cca78596,1,logical,LOG-IMP-4-3-2,4,7,3,yesno,"C is True.
If A is True, then B is True.
If C is True, then A is True.
Is B True?",yes,yes,1,3.0500705242156982,8.439964613407586,0.43900782557829937
2026-01-26T01:43:56.374689,test_user,3e655a1b-2197-45a9-b9fd-67f8cca78596,2,pattern,PAT-MIXED-7-2-5-5,7,6,-1,integer,"11, 14, 16, 19, ?",21,22,0,4.378658056259155,21.62826325719926,0.2987025728983143
2026-01-26T01:44:00.894886,test_user,3e655a1b-2197-45a9-b9fd-67f8cca78596,3,logical,LOG-COMP-6-4,6,9,3,yesno,D is heavier than B. C is heavier than D. Is C heavier than B?,yes,yes,1,4.51210618019104,16.227123104844054,0.7181109232469538
2026-01-26T01:44:03.526950,test_user,3e655a1b-2197-45a9-b9fd-67f8cca78596,4,pattern,PAT-CP-9-3-6,9,12,3,integer,"15, 19, 4, 15, 19, 4, ?",15,15,1,2.625231981277466,4.979427303167176,0.44468839181088693
2026-01-26T01:44:07.621690,test_user,3e655a1b-2197-45a9-b9fd-67f8cca78596,5,pattern,PAT-CP-12-4-9,12,14,2,integer,"20, 14, 20, 17, 20, 14, 20, 17, 20, ?",14,14,1,4.089327573776245,5.239721992177227,0.47201225087728615
2026-01-26T01:44:10.333557,test_user,3e655a1b-2197-45a9-b9fd-67f8cca78596,6,logical,LOG-CONSTRAINT-14-5-3,14,17,3,yesno,"E is above B.
A is above C.
D is above B.
Is E above B?",yes,yes,1,2.703803777694702,12.259785426122624,0.8173491839216261
2026-01-26T01:44:25.301535,test_user,3e655a1b-2197-45a9-b9fd-67f8cca78596,7,pattern,PAT-MP-17-6-3,17,19,2,integer,"7, 21, 63, 189, 567, 1701, ?",5103,5103,1,14.962743043899536,12.545325044274298,0.4377825044798807
2026-01-26T01:44:31.710514,test_user,3e655a1b-2197-45a9-b9fd-67f8cca78596,8,logical,LOG-BOOL-19-3-2,19,23,4,boolean,"A is True.
B is True.
C is True.
What is: (NOT ((C OR (NOT C)) AND C))?",False,f,1,6.403412342071533,11.675260072937675,0.3650677302394639
2026-01-26T01:44:37.088378,test_user,3e655a1b-2197-45a9-b9fd-67f8cca78596,9,pattern,PAT-MP-23-6-2,23,26,3,integer,"20, 40, 80, 160, 320, 640, ?",1280,1280,1,5.371596336364746,13.065914422294401,0.4925026620795673
2026-01-26T01:44:49.494849,test_user,3e655a1b-2197-45a9-b9fd-67f8cca78596,10,pattern,PAT-MIXED-26-4-12-12,26,29,3,integer,"17, 20, 24, 30, 32, 35, 39, 45, 47, 50, 54, ?",60,60,1,12.400370597839355,23.276796287596248,0.46101353583135124
2026-01-26T01:44:52.357726,test_user,3e655a1b-2197-45a9-b9fd-67f8cca78596,11,numerical,NUM-RATIO-INVERSE-29,29,32,3,integer,"81 -> 9, 18 -> ?",2,2,1,2.8574774265289307,4.817439479350292,0.9117117375786633
2026-01-26T01:45:03.421442,test_user,3e655a1b-2197-45a9-b9fd-67f8cca78596,12,logical,LOG-BOOL-32-4-5,32,34,2,boolean,"A is False.
B is True.
C is False.
D is True.
What is: (((((D OR B) AND (NOT C)) OR A) AND (NOT D)) AND B)?",False,f,1,11.056735754013062,12.803203725314562,0.48091185774769574
2026-01-26T01:45:18.133697,test_user,3e655a1b-2197-45a9-b9fd-67f8cca78596,13,pattern,PAT-MP-34-7-3,34,36,2,integer,"16, 48, 144, 432, 1296, 3888, 11664, ?",34992,34992,1,14.706935167312622,14.02032828199792,0.5923436670335466
2026-01-26T01:45:33.606248,test_user,3e655a1b-2197-45a9-b9fd-67f8cca78596,14,pattern,PAT-MP-36-7-3,36,38,2,integer,"16, 48, 144, 432, 1296, 3888, 11664, ?",34992,34992,1,15.46726393699646,14.193858074671287,0.6099386012205031
2026-01-26T01:45:37.309301,test_user,3e655a1b-2197-45a9-b9fd-67f8cca78596,15,numerical,NUM-RATIOSCALING-38,38,41,3,integer,"6 -> 66, 5 -> ?",55,55,1,3.6978347301483154,6.588068101586012,0.7771192122899571
2026-01-26T01:45:39.861468,test_user,3e655a1b-2197-45a9-b9fd-67f8cca78596,16,numerical,NUM-DIV-41,41,44,3,integer,What is 3500 divided by 500?,7,7,1,2.5467514991760254,11.91503279573243,0.46731226624009414
2026-01-26T01:45:47.062142,test_user,3e655a1b-2197-45a9-b9fd-67f8cca78596,17,logical,LOG-COMP-44-24,44,47,3,yesno,Q is larger than S. N is larger than R. J is larger than N. R is larger than D. I is larger than E. B is larger than I. C is larger than X. A is larger than O. O is larger than P. W is larger than Q. F is larger than X. A is larger than F. Is S larger than W?,no,no,1,7.19163966178894,19.524189165638035,0.9112951115241228
2026-01-26T01:45:51.847264,test_user,3e655a1b-2197-45a9-b9fd-67f8cca78596,18,pattern,PAT-CP-47-8-17,47,50,3,integer,"14, 3, 3, 15, 2, 12, 5, 18, 14, 3, 3, 15, 2, 12, 5, 18, 14, ?",3,3,1,4.779312372207642,8.276493363961155,0.7635579309821027
2026-01-26T01:45:55.951037,test_user,3e655a1b-2197-45a9-b9fd-67f8cca78596,19,numerical,NUM-RATIOSCALING-50,50,53,3,integer,"5 -> 45, 9 -> ?",81,81,1,4.097742319107056,7.629246857626216,0.844132953623031
2026-01-26T01:46:07.446519,test_user,3e655a1b-2197-45a9-b9fd-67f8cca78596,20,logical,LOG-BOOL-53-4-5,53,55,2,boolean,"A is False.
B is False.
C is True.
D is False.
What is: (((((D OR (NOT C)) OR (NOT D)) AND B) AND (NOT C)) AND C)?",False,f,1,11.489787340164185,14.625266548384918,0.6669056175652762
2026-01-26T01:46:15.614317,test_user,3e655a1b-2197-45a9-b9fd-67f8cca78596,21,numerical,NUM-NEARBOUNDARY-55,55,57,2,integer,What is 2023 - 1007?,1016,1016,1,8.162306785583496,10.033000566915485,0.6369623793774958
2026-01-26T01:46:30.333394,test_user,3e655a1b-2197-45a9-b9fd-67f8cca78596,22,logical,LOG-CONSTRAINT-57-7-8,57,59,2,yesno,"B is above E.
E is above C.
B is above F.
E is above G.
A is above B.
B is above C.
D is above E.
C is above D.
Is C above A?",no,no,1,14.713788986206055,15.990675968600021,0.9559091542277689
2026-01-26T01:46:37.293867,test_user,3e655a1b-2197-45a9-b9fd-67f8cca78596,23,pattern,PAT-CP-59-8-13,59,61,2,integer,"3, 8, 17, 9, 17, 13, 6, 8, 3, 8, 17, 9, 17, ?",13,13,1,6.9551637172698975,9.317672120001358,0.8337769948636248
2026-01-26T01:46:40.765481,test_user,3e655a1b-2197-45a9-b9fd-67f8cca78596,24,numerical,NUM-RATIO-INVERSE-61,61,64,3,integer,"72 -> 6, 60 -> ?",5,5,1,3.4661917686462402,7.593916162124168,0.9709422884555268
2026-01-26T01:46:43.887634,test_user,3e655a1b-2197-45a9-b9fd-67f8cca78596,25,numerical,NUM-RATIOSCALING-64,64,67,3,integer,"5 -> 35, 7 -> ?",49,49,1,3.1168413162231445,8.843955406339788,0.9005229062645742
2026-01-26T01:46:55.093140,test_user,3e655a1b-2197-45a9-b9fd-67f8cca78596,26,numerical,NUM-NEARBOUNDARY-67,67,69,2,integer,What is 1970 + 1967?,3937,3937,1,11.198969602584839,11.074179322955688,0.7315604369777259
2026-01-26T01:47:04.509042,test_user,3e655a1b-2197-45a9-b9fd-67f8cca78596,27,pattern,PAT-AP-69-12-25,69,71,2,integer,"45, 36, 27, 18, 9, 0, -9, -18, -27, -36, -45, -54, ?",-63,-63,1,9.410480976104736,12.043572685611892,0.8594184500921692
2026-01-26T01:47:10.653640,test_user,3e655a1b-2197-45a9-b9fd-67f8cca78596,28,numerical,NUM-RATIO-INVERSE-71,71,73,2,integer,"90 -> 6, 135 -> ?",9,9,1,6.139671564102173,8.461565125491004,0.9796863896119935
2026-01-26T01:47:25.812829,test_user,3e655a1b-2197-45a9-b9fd-67f8cca78596,29,pattern,PAT-AP-73-9-35,73,74,1,integer,"-37, -69, -101, -133, -165, -197, -229, -261, -293, ?",-325,-325,1,15.154105424880981,12.390632270958626,0.8762351934118527
2026-01-26T01:47:46.676654,test_user,3e655a1b-2197-45a9-b9fd-67f8cca78596,30,numerical,NUM-NEARBOUNDARY-74,74,71,-3,integer,What is 987 + 964?,1951,19551,0,20.85872983932495,11.681533597312473,0.7789270782782889
2026-01-26T01:47:54.158864,test_user,3e655a1b-2197-45a9-b9fd-67f8cca78596,31,logical,LOG-IMP-71-7-8,71,74,3,yesno,"A is True.
B is True.
If B is True, then E is True.
If D is True, then F is True.
If A is True, then D is True.
If D is True, then C is True.
If B is True, then C is True.
If E is True, then F is True.
If B is True, then A is True.
If C is True, then A is True.
Is E True?",yes,yes,1,7.475642442703247,14.25321266796539,0.9014491189642341
2026-01-26T01:47:57.709136,test_user,3e655a1b-2197-45a9-b9fd-67f8cca78596,32,numerical,NUM-DIV-74,74,77,3,integer,What is 2000 divided by 1000?,2,2,1,3.544137477874756,14.77827437484299,0.7464986330631521
2026-01-26T01:48:13.908378,test_user,3e655a1b-2197-45a9-b9fd-67f8cca78596,33,logical,LOG-IMP-77-8-6,77,79,2,yesno,"A is True.
B is True.
If B is True, then E is True.
If G is True, then C is True.
If E is True, then D is True.
If C is True, then F is True.
If B is True, then C is True.
If D is True, then H is True.
Is H True?",yes,yes,1,16.1930193901062,14.77380204598549,0.9193542624722476
2026-01-26T01:48:22.140571,test_user,3e655a1b-2197-45a9-b9fd-67f8cca78596,34,numerical,NUM-DIV-79,79,82,3,integer,What is 1040 divided by 80?,13,13,1,8.226011037826538,15.212098856526406,0.7796286606662192
2026-01-26T01:48:34.164855,test_user,3e655a1b-2197-45a9-b9fd-67f8cca78596,35,pattern,PAT-MP-82-7-3,82,85,3,integer,"19, 57, 171, 513, 1539, 4617, 13851, ?",41553,41553,1,12.018394947052002,18.185043306158736,0.8942646169125507
2026-01-26T01:48:43.412384,test_user,3e655a1b-2197-45a9-b9fd-67f8cca78596,36,logical,LOG-BOOL-85-4-3,85,88,3,boolean,"A is False.
B is False.
C is False.
D is False.
What is: (NOT (((A AND (NOT C)) AND D) OR (NOT B)))?",False,f,1,9.24136734008789,17.401743231158797,0.8662833552603978
2026-01-26T01:48:46.798759,test_user,3e655a1b-2197-45a9-b9fd-67f8cca78596,37,numerical,NUM-RATIOSCALING-88,88,91,3,integer,"6 -> 72, 10 -> ?",120,120,1,3.380756378173828,10.926312918420194,0.9562173668248021
2026-01-27T16:24:12.633898,test_user,943dfcd2-40f9-4e9f-bb70-5fe46490783d,0,logical,LOG-IMP-0-3-2,0,4,4,yesno,"B is True.
If A is True, then C is True.
If B is True, then A is True.
Is A True?",yes,yes,1,2.850799560546875,6.085390403933965,0.36039319435714623
2026-01-27T16:24:16.561875,test_user,943dfcd2-40f9-4e9f-bb70-5fe46490783d,1,logical,LOG-IMP-4-3-2,4,8,4,yesno,"A is True.
If C is True, then B is True.
If A is True, then C is True.
Is C True?",yes,yes,1,3.9200644493103027,6.3224769036300446,0.39189954840717167
2026-01-27T16:24:22.583267,test_user,943dfcd2-40f9-4e9f-bb70-5fe46490783d,2,logical,LOG-BOOL-8-3-2,8,11,3,boolean,"A is True.
B is True.
C is False.
What is: ((C AND C) AND C)?",False,f,1,6.012126922607422,8.489377828916812,0.2983850866783687
2026-01-27T16:24:25.371532,test_user,943dfcd2-40f9-4e9f-bb70-5fe46490783d,3,pattern,PAT-AP-11-5-10,11,14,3,integer,"-3, -5, -7, -9, -11, ?",-13,-13,1,2.778937816619873,5.783777234334628,0.42194427844562077
2026-01-27T16:24:45.763963,test_user,943dfcd2-40f9-4e9f-bb70-5fe46490783d,4,pattern,PAT-MIXED-14-3-7-6,14,17,3,integer,"17, 102, 104, 109, 654, 656, ?",661,661,1,20.384427070617676,15.836026128299991,0.32818896826541977
2026-01-27T16:24:47.923935,test_user,943dfcd2-40f9-4e9f-bb70-5fe46490783d,5,numerical,NUM-RATIOSCALING-17,17,20,3,integer,"7 -> 35, 5 -> ?",25,25,1,2.152088165283203,4.184614586081635,0.6294876747087057
2026-01-27T16:24:58.306291,test_user,943dfcd2-40f9-4e9f-bb70-5fe46490783d,6,pattern,PAT-MIXED-20-2-10-10,20,24,4,integer,"7, 17, 22, 32, 37, 47, 52, 62, 67, ?",77,77,1,10.37077260017395,16.688089604888305,0.3740450025384663
2026-01-27T16:25:02.465033,test_user,943dfcd2-40f9-4e9f-bb70-5fe46490783d,7,pattern,PAT-CP-24-6-12,24,26,2,integer,"10, 8, 20, 18, 10, 9, 10, 8, 20, 18, 10, 9, ?",10,10,1,4.149714708328247,5.033845862939695,0.577747633709156
2026-01-27T16:25:11.263870,test_user,943dfcd2-40f9-4e9f-bb70-5fe46490783d,8,logical,LOG-IMP-26-8-6,26,28,2,yesno,"A is True.
If E is True, then A is True.
If A is True, then G is True.
If G is True, then C is True.
If C is True, then H is True.
If D is True, then G is True.
If G is True, then F is True.
Is F True?",yes,yes,1,8.789600849151611,7.7755885320190785,0.5743066973829254
2026-01-27T16:25:19.576575,test_user,943dfcd2-40f9-4e9f-bb70-5fe46490783d,9,logical,LOG-COMP-28-24,28,31,3,yesno,Q is taller than F. T is taller than O. B is taller than W. O is taller than F. G is taller than H. M is taller than E. D is taller than N. W is taller than U. A is taller than X. D is taller than U. U is taller than P. E is taller than C. Is T taller than F?,yes,yes,1,8.299416542053223,15.104661428634625,0.847795531562623
2026-01-27T16:25:36.535892,test_user,943dfcd2-40f9-4e9f-bb70-5fe46490783d,10,numerical,NUM-SQUARE-31,31,33,2,integer,What is 24^2?,576,576,1,16.950786590576172,7.081597656107231,0.34893936880553306
2026-01-27T16:25:39.400545,test_user,943dfcd2-40f9-4e9f-bb70-5fe46490783d,11,numerical,NUM-RATIO-INVERSE-33,33,36,3,integer,"75 -> 5, 60 -> ?",4,4,1,2.8561275005340576,4.471908401774268,0.9220023929603623
2026-01-27T16:25:42.220531,test_user,943dfcd2-40f9-4e9f-bb70-5fe46490783d,12,numerical,NUM-RATIO-INVERSE-36,36,39,3,integer,"45 -> 3, 60 -> ?",4,4,1,2.8115451335906982,4.60866483576805,0.928946118716827
2026-01-27T16:25:55.193937,test_user,943dfcd2-40f9-4e9f-bb70-5fe46490783d,13,logical,LOG-IMP-39-8-8,39,40,1,yesno,"A is True.
B is True.
If B is True, then D is True.
If D is True, then H is True.
If A is True, then E is True.
If D is True, then E is True.
If D is True, then C is True.
If G is True, then C is True.
If C is True, then H is True.
If C is True, then A is True.
Is H True?",yes,yes,1,12.964653253555298,8.766354527123072,0.6761195917641047
2026-01-27T16:26:06.903940,test_user,943dfcd2-40f9-4e9f-bb70-5fe46490783d,14,logical,LOG-COMP-40-19,40,42,2,yesno,H is taller than E. N is taller than I. I is taller than R. I is taller than Q. K is taller than O. S is taller than L. K is taller than P. P is taller than O. L is taller than I. Is S taller than Q?,yes,yes,1,11.700255632400513,16.776009599772614,0.8928687644981942
2026-01-27T16:26:18.258028,test_user,943dfcd2-40f9-4e9f-bb70-5fe46490783d,15,logical,LOG-COMP-42-18,42,44,2,yesno,O is taller than Q. Q is taller than A. D is taller than K. L is taller than Q. H is taller than I. H is taller than B. E is taller than A. R is taller than I. J is taller than H. Is J taller than B?,yes,yes,1,11.341670989990234,17.07096684052428,0.8991256175742853
2026-01-27T16:26:37.841233,test_user,943dfcd2-40f9-4e9f-bb70-5fe46490783d,16,logical,LOG-CONSTRAINT-44-8-8,44,45,1,yesno,"B is faster than D.
H is faster than G.
E is faster than H.
C is faster than G.
B is faster than C.
D is faster than F.
F is faster than B.
G is faster than F.
Is C faster than E?",no,no,1,19.574751377105713,11.396656908821896,0.9248649847397508
2026-01-27T16:26:43.116686,test_user,943dfcd2-40f9-4e9f-bb70-5fe46490783d,17,pattern,PAT-CP-45-8-17,45,47,2,integer,"2, 1, 18, 6, 1, 2, 13, 17, 2, 1, 18, 6, 1, 2, 13, 17, 2, ?",1,1,1,5.2664220333099365,6.17197714200835,0.7347255530438064
2026-01-27T16:26:51.128566,test_user,943dfcd2-40f9-4e9f-bb70-5fe46490783d,18,numerical,NUM-DIV-47,47,49,2,integer,What is 8000 divided by 1600?,5,5,1,8.00376558303833,7.606935190793923,0.49500995948321624
2026-01-27T16:26:56.380578,test_user,943dfcd2-40f9-4e9f-bb70-5fe46490783d,19,numerical,NUM-DIV-49,49,52,3,integer,What is 15200 divided by 800?,19,19,1,5.242494106292725,7.749750024514396,0.5117980343953116
2026-01-27T16:27:01.863543,test_user,943dfcd2-40f9-4e9f-bb70-5fe46490783d,20,pattern,PAT-AP-52-11-25,52,55,3,integer,"1, -1, -3, -5, -7, -9, -11, -13, -15, -17, -19, ?",-21,-21,1,5.474517822265625,8.505771963441111,0.7430760623542534
2026-01-27T16:27:16.100425,test_user,943dfcd2-40f9-4e9f-bb70-5fe46490783d,21,numerical,NUM-SQUARE-55,55,56,1,integer,What is 28^2?,784,784,1,14.229907989501953,8.84606230191126,0.5454333554043624
2026-01-27T16:27:24.672894,test_user,943dfcd2-40f9-4e9f-bb70-5fe46490783d,22,numerical,NUM-RATIOSCALING-56,56,58,2,integer,"6 -> 78, 9 -> ?",117,117,1,8.564264059066772,6.1463647375101775,0.8629100499872977
2026-01-27T16:27:26.958497,test_user,943dfcd2-40f9-4e9f-bb70-5fe46490783d,23,numerical,NUM-SQUARE-58,58,61,3,integer,What is 11^2?,121,121,1,2.277244806289673,9.092139588010093,0.5702763343166211
2026-01-27T16:27:30.349603,test_user,943dfcd2-40f9-4e9f-bb70-5fe46490783d,24,pattern,PAT-CP-61-7-16,61,64,3,integer,"6, 17, 9, 1, 2, 2, 10, 6, 17, 9, 1, 2, 2, 10, 6, 17, ?",9,9,1,3.3829843997955322,7.1811772044826885,0.8257823533113154
2026-01-27T16:27:42.117374,test_user,943dfcd2-40f9-4e9f-bb70-5fe46490783d,25,pattern,PAT-MIXED-64-3-10-12,64,67,3,integer,"10, 17, 27, 81, 88, 98, 294, 301, 311, ?",933,933,1,11.758354902267456,24.40489547925452,0.7236531775545549
2026-01-27T16:27:44.421973,test_user,943dfcd2-40f9-4e9f-bb70-5fe46490783d,26,numerical,NUM-RATIO-INVERSE-67,67,70,3,integer,"54 -> 6, 90 -> ?",10,10,1,2.296410322189331,6.238352639969967,0.973702168089689
2026-01-27T16:27:52.156593,test_user,943dfcd2-40f9-4e9f-bb70-5fe46490783d,27,logical,LOG-BOOL-70-4-3,70,73,3,boolean,"A is True.
B is False.
C is False.
D is True.
What is: (((A AND (NOT C)) AND C) OR B)?",False,f,1,7.725384473800659,14.805136006484899,0.7732954621571352
2026-01-27T16:28:04.240638,test_user,943dfcd2-40f9-4e9f-bb70-5fe46490783d,28,logical,LOG-BOOL-73-4-5,73,75,2,boolean,"A is True.
B is False.
C is False.
D is True.
What is: (((((D OR (NOT C)) AND (NOT C)) AND A) AND C) AND (NOT D))?",False,f,1,12.074928045272827,15.200145184330928,0.7904692442029538
2026-01-27T16:28:23.431452,test_user,943dfcd2-40f9-4e9f-bb70-5fe46490783d,29,pattern,PAT-AP-75-9-30,75,76,1,integer,"3, -22, -47, -72, -97, -122, -147, -172, -197, ?",-222,-222,1,19.18291401863098,10.48627446416041,0.8622824641889161
2026-01-27T16:28:47.453655,test_user,943dfcd2-40f9-4e9f-bb70-5fe46490783d,30,pattern,PAT-AP-76-11-35,76,77,1,integer,"-14, 19, 52, 85, 118, 151, 184, 217, 250, 283, 316, ?",349,349,1,24.01326298713684,10.581178247481,0.8662219421623762
2026-01-27T16:29:07.077804,test_user,943dfcd2-40f9-4e9f-bb70-5fe46490783d,31,logical,LOG-COMP-77-18,77,75,-2,yesno,I is older than M. J is older than M. Q is older than F. H is older than Q. L is older than C. Q is older than J. A is older than R. R is older than O. P is older than O. Is Q older than M?,yes,no,0,19.613828659057617,23.10215438507608,0.9665239854562367
2026-01-27T16:29:29.399027,test_user,943dfcd2-40f9-4e9f-bb70-5fe46490783d,32,logical,LOG-CONSTRAINT-75-8-8,75,77,2,yesno,"B is left of H.
H is left of D.
F is left of A.
D is left of A.
G is left of H.
C is left of D.
B is left of F.
A is left of C.
Is C left of G?",no,no,1,22.312795639038086,14.998705019870396,0.9721145278880461
2026-01-27T17:06:06.580675,LIMOUS,65605087-28a2-4543-a3bc-e897a5371ec2,0,logical,LOG-COMP-0-3,0,3,3,yesno,A is taller than B. B is taller than C. Is C taller than A?,no,no,1,5.484283208847046,11.79063244189492,0.6850656678877758
2026-01-27T17:06:10.353404,LIMOUS,65605087-28a2-4543-a3bc-e897a5371ec2,1,logical,LOG-BOOL-3-2-1,3,7,4,boolean,"A is False.
B is True.
What is: (A AND A)?",False,f,1,3.758821487426758,8.106887186650338,0.2644620999098347
2026-01-27T17:06:17.237726,LIMOUS,65605087-28a2-4543-a3bc-e897a5371ec2,2,pattern,PAT-MIXED-7-2-5-5,7,11,4,integer,"16, 32, 37, 74, ?",79,79,1,6.877554655075073,14.893688464707894,0.2785925920622329
2026-01-27T17:06:21.019878,LIMOUS,65605087-28a2-4543-a3bc-e897a5371ec2,3,numerical,NUM-RATIO-INVERSE-11,11,13,2,integer,"63 -> 9, 42 -> ?",6,6,1,3.775146722793579,3.5658388317293257,0.8495518808931755
2026-01-27T17:06:25.421941,LIMOUS,65605087-28a2-4543-a3bc-e897a5371ec2,4,numerical,NUM-RATIOSCALING-13,13,15,2,integer,"3 -> 12, 6 -> ?",24,24,1,4.395216941833496,4.016747600543179,0.5976531678055663
2026-01-27T17:06:30.653847,LIMOUS,65605087-28a2-4543-a3bc-e897a5371ec2,5,numerical,NUM-RATIO-INVERSE-15,15,16,1,integer,"40 -> 5, 64 -> ?",8,8,1,5.223523855209351,3.718617815677778,0.8659267650380785
2026-01-27T17:06:34.011099,LIMOUS,65605087-28a2-4543-a3bc-e897a5371ec2,6,pattern,PAT-CP-16-4-8,16,19,3,integer,"16, 8, 8, 20, 16, 8, 8, 20, ?",16,16,1,3.344478130340576,4.649444679823717,0.5112198908727589
2026-01-27T17:06:41.418496,LIMOUS,65605087-28a2-4543-a3bc-e897a5371ec2,7,logical,LOG-BOOL-19-4-3,19,22,3,boolean,"A is True.
B is True.
C is False.
D is False.
What is: (((D OR (NOT B)) AND B) OR (NOT C))?",True,t,1,7.3513805866241455,9.388356847768165,0.3809282063077998
2026-01-27T17:06:51.081226,LIMOUS,65605087-28a2-4543-a3bc-e897a5371ec2,8,logical,LOG-BOOL-22-4-4,22,24,2,boolean,"A is True.
B is False.
C is True.
D is True.
What is: ((((C AND D) AND (NOT A)) AND A) AND (NOT D))?",False,f,1,9.652714490890503,9.647987406842404,0.4049533956317801
2026-01-27T17:06:53.860881,LIMOUS,65605087-28a2-4543-a3bc-e897a5371ec2,9,numerical,NUM-RATIO-INVERSE-24,24,27,3,integer,"70 -> 10, 56 -> ?",8,8,1,2.772564649581909,4.081323102339486,0.8973058771116564
2026-01-27T17:06:57.587269,LIMOUS,65605087-28a2-4543-a3bc-e897a5371ec2,10,numerical,NUM-SQUARE-27,27,26,-1,integer,What is 28^2?,784,756,0,3.7187016010284424,6.8199324128493615,0.31907455263600054
2026-01-27T17:07:18.979005,LIMOUS,65605087-28a2-4543-a3bc-e897a5371ec2,11,pattern,PAT-AP-26-12-35,26,27,1,integer,"41, 29, 17, 5, -7, -19, -31, -43, -55, -67, -79, -91, ?",-103,-103,1,21.383824348449707,6.674938860910088,0.5470890166491039
2026-01-27T17:07:25.391187,LIMOUS,65605087-28a2-4543-a3bc-e897a5371ec2,12,logical,LOG-CONSTRAINT-27-7-6,27,30,3,yesno,"D is faster than F.
G is faster than C.
A is faster than G.
B is faster than F.
B is faster than G.
B is faster than A.
Is C faster than A?",no,no,1,6.401869773864746,9.778395675144429,0.8742957098166678
2026-01-27T17:07:50.640859,LIMOUS,65605087-28a2-4543-a3bc-e897a5371ec2,13,pattern,PAT-AP-30-11-35,30,31,1,integer,"-31, -16, -1, 14, 29, 44, 59, 74, 89, 104, 119, ?",134,134,1,25.2411630153656,6.931752428854672,0.5801135082810724
2026-01-27T17:07:54.251301,LIMOUS,65605087-28a2-4543-a3bc-e897a5371ec2,14,pattern,PAT-AP-31-10-25,31,34,3,integer,"50, 51, 52, 53, 54, 55, 56, 57, 58, 59, ?",60,60,1,3.602141857147217,6.997287456439929,0.5882704848537501
2026-01-27T17:07:57.529639,LIMOUS,65605087-28a2-4543-a3bc-e897a5371ec2,15,pattern,PAT-CP-34-7-19,34,37,3,integer,"6, 5, 1, 1, 19, 14, 15, 6, 5, 1, 1, 19, 14, 15, 6, 5, 1, 1, 19, ?",14,14,1,3.2698285579681396,5.55133452558416,0.6568623066369934
2026-01-27T17:08:01.419382,LIMOUS,65605087-28a2-4543-a3bc-e897a5371ec2,16,pattern,PAT-CP-37-7-16,37,40,3,integer,"18, 3, 16, 1, 16, 17, 19, 18, 3, 16, 1, 16, 17, 19, 18, 3, ?",16,16,1,3.8810997009277344,5.7150684702767895,0.679197263162139
2026-01-27T17:08:16.387602,LIMOUS,65605087-28a2-4543-a3bc-e897a5371ec2,17,pattern,PAT-MP-40-7-3,40,42,2,integer,"10, 30, 90, 270, 810, 2430, 7290, ?",21870,21870,1,14.959836483001709,12.739783122650126,0.7141750075947619
2026-01-27T17:08:25.732294,LIMOUS,65605087-28a2-4543-a3bc-e897a5371ec2,18,numerical,NUM-NEARBOUNDARY-42,42,44,2,integer,What is 1028 + 986?,2014,2014,1,9.336180686950684,6.996111755105112,0.458883998792192
2026-01-27T17:08:41.299833,LIMOUS,65605087-28a2-4543-a3bc-e897a5371ec2,19,pattern,PAT-MP-44-7-3,44,46,2,integer,"14, 42, 126, 378, 1134, 3402, 10206, ?",30618,30618,1,15.558988571166992,13.199534371547259,0.7407886826078087
2026-01-27T17:08:59.279370,LIMOUS,65605087-28a2-4543-a3bc-e897a5371ec2,20,pattern,PAT-AP-46-12-35,46,47,1,integer,"5, 22, 39, 56, 73, 90, 107, 124, 141, 158, 175, 192, ?",209,209,1,17.971161603927612,8.047863772802652,0.7027720350258018
2026-01-27T17:09:08.342013,LIMOUS,65605087-28a2-4543-a3bc-e897a5371ec2,21,pattern,PAT-AP-47-13-25,47,49,2,integer,"-29, -17, -5, 7, 19, 31, 43, 55, 67, 79, 91, 103, 115, ?",127,127,1,9.053462982177734,8.12262051883789,0.709738432400778
2026-01-27T17:09:33.366143,LIMOUS,65605087-28a2-4543-a3bc-e897a5371ec2,22,logical,LOG-COMP-49-16,49,51,2,yesno,O is older than N. O is older than C. A is older than F. F is older than E. F is older than J. K is older than I. M is older than D. H is older than F. Is H older than J?,yes,yes,1,25.008662223815918,18.142395458819067,0.9185354680093692
2026-01-27T17:09:35.723820,LIMOUS,65605087-28a2-4543-a3bc-e897a5371ec2,23,numerical,NUM-RATIO-INVERSE-51,51,54,3,integer,"45 -> 3, 60 -> ?",4,4,1,2.3486814498901367,5.34545596338088,0.9558211727778962
2026-01-27T17:09:46.318419,LIMOUS,65605087-28a2-4543-a3bc-e897a5371ec2,24,numerical,NUM-RATIOSCALING-54,54,55,1,integer,"4 -> 32, 3 -> ?",24,24,1,10.586843967437744,6.029720617525732,0.8547697167587891
2026-01-27T17:09:54.279478,LIMOUS,65605087-28a2-4543-a3bc-e897a5371ec2,25,logical,LOG-CONSTRAINT-55-7-8,55,58,3,yesno,"D is faster than C.
A is faster than C.
G is faster than C.
B is faster than F.
A is faster than B.
G is faster than E.
F is faster than E.
D is faster than E.
Is B faster than E?",yes,yes,1,7.9542436599731445,12.57105787228334,0.9468363081844228
2026-01-27T17:10:02.861348,LIMOUS,65605087-28a2-4543-a3bc-e897a5371ec2,26,pattern,PAT-CP-58-7-15,58,60,2,integer,"19, 6, 12, 15, 19, 9, 10, 19, 6, 12, 15, 19, 9, 10, 19, ?",6,6,1,8.574711322784424,6.981695036601805,0.8108102072196005
2026-01-27T17:10:06.716474,LIMOUS,65605087-28a2-4543-a3bc-e897a5371ec2,27,pattern,PAT-CP-60-8-15,60,63,3,integer,"3, 18, 14, 18, 15, 13, 19, 1, 3, 18, 14, 18, 15, 13, 19, ?",1,1,1,3.8483071327209473,7.1141352634875705,0.8208982403093059
2026-01-27T17:10:13.529065,LIMOUS,65605087-28a2-4543-a3bc-e897a5371ec2,28,pattern,PAT-CP-63-6-20,63,65,2,integer,"19, 2, 12, 19, 19, 9, 19, 2, 12, 19, 19, 9, 19, 2, 12, 19, 19, 9, 19, 2, ?",12,12,1,6.805836915969849,7.316927438008976,0.8352342707749405
2026-01-27T17:10:24.527094,LIMOUS,65605087-28a2-4543-a3bc-e897a5371ec2,29,logical,LOG-BOOL-65-6-5,65,67,2,boolean,"A is True.
B is False.
C is False.
D is False.
E is True.
F is True.
What is: (NOT (((((F AND A) AND (NOT A)) AND (NOT C)) AND (NOT F)) OR A))?",False,f,1,10.990223407745361,14.168074575143462,0.7425202983638864
2026-01-27T17:10:38.352861,LIMOUS,65605087-28a2-4543-a3bc-e897a5371ec2,30,logical,LOG-COMP-67-23,67,69,2,yesno,B is heavier than M. U is heavier than B. P is heavier than T. V is heavier than P. J is heavier than F. J is heavier than A. F is heavier than D. U is heavier than W. A is heavier than M. N is heavier than T. N is heavier than P. Is T heavier than V?,no,no,1,13.81527829170227,21.19832981454382,0.9537821100505779
2026-01-27T17:10:41.460558,LIMOUS,65605087-28a2-4543-a3bc-e897a5371ec2,31,numerical,NUM-SQUARE-69,69,72,3,integer,What is 15^2?,225,225,1,3.0987977981567383,10.048221420613848,0.6575439228253573
2026-01-27T17:10:52.266573,LIMOUS,65605087-28a2-4543-a3bc-e897a5371ec2,32,numerical,NUM-NEARBOUNDARY-72,72,74,2,integer,What is 2007 + 959?,2966,2966,1,10.797870635986328,9.23494582235133,0.6990103421302007
2026-01-27T17:10:59.421256,LIMOUS,65605087-28a2-4543-a3bc-e897a5371ec2,33,pattern,PAT-CP-74-7-16,74,76,2,integer,"13, 8, 7, 13, 12, 11, 7, 13, 8, 7, 13, 12, 11, 7, 13, 8, ?",7,7,1,7.146182537078857,8.10483402186271,0.8800155142237693
2026-01-27T17:11:08.593954,LIMOUS,65605087-28a2-4543-a3bc-e897a5371ec2,34,pattern,PAT-MP-76-8-3,76,79,3,integer,"10, 30, 90, 270, 810, 2430, 7290, 21870, ?",65610,65610,1,9.163392066955566,17.47684897503338,0.8932769360754537
2026-01-27T17:11:23.308940,LIMOUS,b36294c3-cde5-498a-97ef-3a304974e534,0,logical,LOG-BOOL-0-2-1,0,4,4,boolean,"A is True.
B is False.
What is: (B OR B)?",False,f,1,3.1100351810455322,7.8848333729712685,0.24533548435381258
2026-01-27T17:11:27.323656,LIMOUS,b36294c3-cde5-498a-97ef-3a304974e534,1,logical,LOG-IMP-4-3-2,4,8,4,yesno,"B is True.
If B is True, then A is True.
If C is True, then B is True.
Is A True?",yes,yes,1,4.006627559661865,6.3224769036300446,0.39189954840717167
2026-01-27T17:11:29.561046,LIMOUS,b36294c3-cde5-498a-97ef-3a304974e534,2,numerical,NUM-NEARBOUNDARY-8,8,12,4,integer,What is 104 + 5?,109,109,1,2.2294692993164062,5.044744332111898,0.213058769804627
2026-01-27T17:11:32.834793,LIMOUS,b36294c3-cde5-498a-97ef-3a304974e534,3,numerical,NUM-NEARBOUNDARY-12,12,16,4,integer,What is 189 - 19?,170,170,1,3.2652151584625244,5.247009442932385,0.23644634607359688
2026-01-27T17:11:35.131222,LIMOUS,b36294c3-cde5-498a-97ef-3a304974e534,4,numerical,NUM-SQUARE-16,16,20,4,integer,What is 12^2?,144,144,1,2.288694381713867,6.14321757998361,0.24463800274315345
2026-01-27T17:11:37.916634,LIMOUS,b36294c3-cde5-498a-97ef-3a304974e534,5,numerical,NUM-RATIO-INVERSE-20,20,23,3,integer,"20 -> 2, 60 -> ?",6,6,1,2.774505138397217,3.91680047918703,0.8842511598598095
2026-01-27T17:11:45.903455,LIMOUS,b36294c3-cde5-498a-97ef-3a304974e534,6,numerical,NUM-DIV-23,23,26,3,integer,What is 9000 divided by 2250?,4,4,1,7.978652715682983,6.064528451204788,0.30451237109393336
2026-01-27T17:11:48.101914,LIMOUS,b36294c3-cde5-498a-97ef-3a304974e534,7,numerical,NUM-SQUARE-26,26,30,4,integer,What is 15^2?,225,225,1,2.1895103454589844,6.755850749012426,0.3118233109723566
2026-01-27T17:12:03.393513,LIMOUS,b36294c3-cde5-498a-97ef-3a304974e534,8,numerical,NUM-DIV-30,30,28,-2,integer,What is 5760 divided by 320?,18,8,0,15.282453775405884,6.483384731788778,0.3564431801021315
2026-01-27T17:12:11.385062,LIMOUS,b36294c3-cde5-498a-97ef-3a304974e534,9,numerical,NUM-NEARBOUNDARY-28,28,31,3,integer,What is 976 + 951?,1927,1927,1,7.982556104660034,6.126053281925954,0.3463848482814806
2026-01-27T17:12:27.389733,LIMOUS,b36294c3-cde5-498a-97ef-3a304974e534,10,logical,LOG-BOOL-31-4-5,31,32,1,boolean,"A is False.
B is False.
C is False.
D is True.
What is: (((((A AND (NOT B)) OR (NOT D)) OR B) AND D) AND (NOT A))?",False,f,1,15.996621370315552,10.46646465497577,0.47935175380826306
2026-01-27T17:12:33.604488,LIMOUS,b36294c3-cde5-498a-97ef-3a304974e534,11,logical,LOG-COMP-32-22,32,35,3,yesno,S is older than G. M is older than H. A is older than M. N is older than M. F is older than C. Q is older than N. E is older than P. R is older than N. S is older than C. H is older than G. V is older than C. Is A older than H?,yes,yes,1,6.203202486038208,15.643544621970797,0.8643310504441025
2026-01-27T17:12:42.494695,LIMOUS,b36294c3-cde5-498a-97ef-3a304974e534,12,logical,LOG-CONSTRAINT-35-9-6,35,37,2,yesno,"A is above I.
D is above F.
G is above B.
F is above G.
C is above G.
E is above G.
Is G above D?",no,no,1,8.881219148635864,10.511782456400056,0.9009775107852057
2026-01-27T17:12:54.681245,LIMOUS,b36294c3-cde5-498a-97ef-3a304974e534,13,logical,LOG-BOOL-37-4-5,37,39,2,boolean,"A is True.
B is False.
C is True.
D is True.
What is: (NOT (((((C OR (NOT A)) OR (NOT C)) OR C) AND C) OR (NOT C)))?",False,f,1,12.177236318588257,11.046777114913862,0.5296763754494344
2026-01-27T17:12:57.053830,LIMOUS,b36294c3-cde5-498a-97ef-3a304974e534,14,numerical,NUM-SQUARE-39,39,42,3,integer,What is 5^2?,25,25,1,2.363874912261963,7.631488110220305,0.4121564818019398
2026-01-27T17:13:11.062266,LIMOUS,b36294c3-cde5-498a-97ef-3a304974e534,15,pattern,PAT-MP-42-8-3,42,44,2,integer,"15, 45, 135, 405, 1215, 3645, 10935, 32805, ?",98415,98415,1,13.999959230422974,12.967767277116106,0.7276852532683129
2026-01-27T17:13:20.080266,LIMOUS,b36294c3-cde5-498a-97ef-3a304974e534,16,pattern,PAT-AP-44-11-25,44,46,2,integer,"-46, -52, -58, -64, -70, -76, -82, -88, -94, -100, -106, ?",-112,-112,1,9.009456634521484,7.90018307831218,0.6885547848210877
2026-01-27T17:13:33.241217,LIMOUS,b36294c3-cde5-498a-97ef-3a304974e534,17,logical,LOG-BOOL-46-4-5,46,48,2,boolean,"A is False.
B is False.
C is False.
D is False.
What is: (NOT (((((B AND D) AND C) AND (NOT B)) OR (NOT D)) OR B))?",False,f,1,13.151503562927246,11.972774921368314,0.6037399674122702
2026-01-27T17:13:57.915697,LIMOUS,b36294c3-cde5-498a-97ef-3a304974e534,18,pattern,PAT-MIXED-48-4-10-12,48,50,2,integer,"13, 17, 153, 306, 309, 313, 2817, 5634, 5637, ?",5641,5641,1,24.666162252426147,21.271040599449496,0.6047655600181843
2026-01-27T17:14:04.037935,LIMOUS,b36294c3-cde5-498a-97ef-3a304974e534,19,pattern,PAT-AP-50-11-30,50,52,2,integer,"43, 36, 29, 22, 15, 8, 1, -6, -13, -20, -27, ?",-34,-34,1,6.114074945449829,8.350617217472367,0.7300461255969117
2026-01-27T17:14:11.654512,LIMOUS,b36294c3-cde5-498a-97ef-3a304974e534,20,numerical,NUM-NEARBOUNDARY-52,52,54,2,integer,What is 1952 - 955?,997,997,1,7.608458995819092,7.681892809593142,0.5426392816326239
2026-01-27T17:14:16.883954,LIMOUS,b36294c3-cde5-498a-97ef-3a304974e534,21,logical,LOG-CONSTRAINT-54-9-6,54,57,3,yesno,"I is left of A.
G is left of B.
D is left of G.
A is left of H.
A is left of E.
C is left of D.
Is H left of I?",no,no,1,5.220038414001465,12.459847707978808,0.9451203508621294
2026-01-27T17:14:27.689252,LIMOUS,b36294c3-cde5-498a-97ef-3a304974e534,22,logical,LOG-IMP-57-9-8,57,59,2,yesno,"F is True.
If B is True, then G is True.
If A is True, then B is True.
If F is True, then G is True.
If A is True, then G is True.
If D is True, then A is True.
If H is True, then B is True.
If D is True, then B is True.
If A is True, then H is True.
Is G True?",yes,yes,1,10.796582698822021,10.325476967876606,0.7925641227578795
2026-01-27T17:14:33.768903,LIMOUS,b36294c3-cde5-498a-97ef-3a304974e534,23,logical,LOG-IMP-59-9-7,59,62,3,yesno,"A is True.
F is True.
If E is True, then F is True.
If H is True, then I is True.
If I is True, then H is True.
If H is True, then C is True.
If F is True, then G is True.
If A is True, then G is True.
If H is True, then F is True.
Is G True?",yes,yes,1,6.07075047492981,10.513400552069774,0.8033891577912862
2026-01-27T17:15:11.994970,LIMOUS,b36294c3-cde5-498a-97ef-3a304974e534,24,logical,LOG-COMP-62-24,62,60,-2,yesno,H is older than K. Q is older than L. K is older than R. W is older than M. X is older than U. W is older than B. K is older than V. V is older than X. T is older than N. U is older than M. H is older than N. L is older than U. Is H older than V?,yes,no,0,38.21726369857788,20.30357637748133,0.9457904524404643
2026-01-27T17:15:24.094864,LIMOUS,b36294c3-cde5-498a-97ef-3a304974e534,25,pattern,PAT-AP-60-10-25,60,62,2,integer,"11, 36, 61, 86, 111, 136, 161, 186, 211, 236, ?",261,261,1,12.091634511947632,9.152566506314917,0.7909506499855321
2026-01-27T17:15:45.842657,LIMOUS,b36294c3-cde5-498a-97ef-3a304974e534,26,logical,LOG-COMP-62-22,62,64,2,yesno,D is larger than A. U is larger than V. R is larger than S. I is larger than V. S is larger than K. F is larger than C. H is larger than V. H is larger than S. O is larger than B. L is larger than A. I is larger than D. Is A larger than I?,no,no,1,21.736505270004272,20.30357637748133,0.9457904524404643
2026-01-27T17:15:55.210768,LIMOUS,b36294c3-cde5-498a-97ef-3a304974e534,27,pattern,PAT-MP-64-7-3,64,62,-2,integer,"30, 90, 270, 810, 2430, 7290, 21870, ?",65610,06561,0,9.359797954559326,15.739606003291854,0.8483462645367497
2026-01-27T17:16:00.888158,LIMOUS,b36294c3-cde5-498a-97ef-3a304974e534,28,logical,LOG-BOOL-62-4-3,62,65,3,boolean,"A is False.
B is True.
C is True.
D is False.
What is: (((D AND D) AND C) AND (NOT C))?",False,f,1,5.668739318847656,13.798230441077942,0.7227946789473162
2026-01-27T17:16:07.074734,LIMOUS,b36294c3-cde5-498a-97ef-3a304974e534,29,numerical,NUM-RATIOSCALING-65,65,67,2,integer,"4 -> 32, 3 -> ?",24,24,1,6.178303003311157,6.6956832820415135,0.8949095208010764
2026-01-27T17:16:23.754474,LIMOUS,b36294c3-cde5-498a-97ef-3a304974e534,30,numerical,NUM-DIV-67,67,68,1,integer,What is 2560 divided by 160?,16,16,1,16.66957378387451,9.146579473652032,0.6573836343862925
